,text,label,location,tokens,stopWordsRemovedTokens,rawFeatures,features,prediction
0,"Interested in a #job in #Columbus, GA? This could be a great fit: https://t.co/YmLlHRWh6a #Transportation #Hiring #CareerArc",0,"[-84.9877094, 32.4609764]","['interested', 'in', 'a', '#job', 'in', '#columbus,', 'ga?', 'this', 'could', 'be', 'a', 'great', 'fit:', 'https://t.co/ymllhrwh6a', '#transportation', '#hiring', '#careerarc']","['interested', '#job', '#columbus,', 'ga?', 'great', 'fit:', 'https://t.co/ymllhrwh6a', '#transportation', '#hiring', '#careerarc']","(1048576,[122254,138356,235528,348720,360441,546607,573363,695983,778244,862424],[1.0,1.0,1.0,1.0,1.0,1.0,1.0,1.0,1.0,1.0])","(1048576,[122254,138356,235528,348720,360441,546607,573363,695983,778244,862424],[2.64920970108,3.20882548901,3.90197266957,3.90197266957,3.90197266957,2.64920970108,3.90197266957,2.51567830845,3.90197266957,3.90197266957])",6
1,"APRS-IS for Win32 (@ Practice With The Bestiw in Virginia Beach, VA) https://t.co/eMvCwlWubB",0,"[-76.16481721, 36.86911941]","['aprs-is', 'for', 'win32', '(@', 'practice', 'with', 'the', 'bestiw', 'in', 'virginia', 'beach,', 'va)', 'https://t.co/emvcwlwubb']","['aprs-is', 'win32', '(@', 'practice', 'bestiw', 'virginia', 'beach,', 'va)', 'https://t.co/emvcwlwubb']","(1048576,[111598,177441,204984,243545,278910,439193,637322,832027,932350],[1.0,1.0,1.0,1.0,1.0,1.0,1.0,1.0,1.0])","(1048576,[111598,177441,204984,243545,278910,439193,637322,832027,932350],[3.90197266957,3.90197266957,3.49650756147,3.20882548901,3.90197266957,3.90197266957,3.90197266957,3.20882548901,3.20882548901])",6
2,"Can you recommend anyone for this #job in #CottonwoodFalls, KS? https://t.co/bw4E7XTnkH #Finance #Hiring #CareerArc",0,"[-96.5427845, 38.3722364]","['can', 'you', 'recommend', 'anyone', 'for', 'this', '#job', 'in', '#cottonwoodfalls,', 'ks?', 'https://t.co/bw4e7xtnkh', '#finance', '#hiring', '#careerarc']","['recommend', 'anyone', '#job', '#cottonwoodfalls,', 'ks?', 'https://t.co/bw4e7xtnkh', '#finance', '#hiring', '#careerarc']","(1048576,[122254,129613,138193,435438,546607,657864,695983,898516,1033602],[1.0,1.0,1.0,1.0,1.0,1.0,1.0,1.0,1.0])","(1048576,[122254,129613,138193,435438,546607,657864,695983,898516,1033602],[2.64920970108,3.20882548901,3.20882548901,3.90197266957,2.64920970108,3.90197266957,2.51567830845,3.90197266957,3.90197266957])",6
3,Lane restrictions lifted in #Innerbelt on I-90 EB between I-77 and Superior Ave #traffic https://t.co/IXfI2jHBEJ,0,"[-81.67952, 41.49531]","['lane', 'restrictions', 'lifted', 'in', '#innerbelt', 'on', 'i-90', 'eb', 'between', 'i-77', 'and', 'superior', 'ave', '#traffic', 'https://t.co/ixfi2jhbej']","['lane', 'restrictions', 'lifted', '#innerbelt', 'i-90', 'eb', 'i-77', 'superior', 'ave', '#traffic', 'https://t.co/ixfi2jhbej']","(1048576,[198738,201125,261079,268509,427080,665077,698342,818019,883132,914287,935922],[1.0,1.0,1.0,1.0,1.0,1.0,1.0,1.0,1.0,1.0,1.0])","(1048576,[198738,201125,261079,268509,427080,665077,698342,818019,883132,914287,935922],[3.90197266957,3.90197266957,3.90197266957,3.90197266957,3.90197266957,3.90197266957,3.90197266957,3.90197266957,3.90197266957,3.90197266957,3.49650756147])",6
4,"N4TRQ-15 Near Practice With The Bestiw, Virginia Beach, VA https://t.co/wib5TyOdAh #APRS 13b",0,"[-76.16517, 36.86933]","['n4trq-15', 'near', 'practice', 'with', 'the', 'bestiw,', 'virginia', 'beach,', 'va', 'https://t.co/wib5tyodah', '#aprs', '13b']","['n4trq-15', 'near', 'practice', 'bestiw,', 'virginia', 'beach,', 'va', 'https://t.co/wib5tyodah', '#aprs', '13b']","(1048576,[6836,28682,204984,243545,270994,412422,489774,586846,758478,832027],[1.0,1.0,1.0,1.0,1.0,1.0,1.0,1.0,1.0,1.0])","(1048576,[6836,28682,204984,243545,270994,412422,489774,586846,758478,832027],[3.90197266957,3.90197266957,3.49650756147,3.20882548901,3.90197266957,3.90197266957,2.9856819377,3.90197266957,3.90197266957,3.20882548901])",6
5,"As June comes to an end, so does my look at the eccentric cool, Robert Mapplethorpe. This was the last self portrai… https://t.co/n9j8nqHZgV",0,"[-118.38892693, 34.08721541]","['as', 'june', 'comes', 'to', 'an', 'end,', 'so', 'does', 'my', 'look', 'at', 'the', 'eccentric', 'cool,', 'robert', 'mapplethorpe.', 'this', 'was', 'the', 'last', 'self', 'portrai…', 'https://t.co/n9j8nqhzgv']","['june', 'comes', 'end,', 'look', 'eccentric', 'cool,', 'robert', 'mapplethorpe.', 'last', 'self', 'portrai…', 'https://t.co/n9j8nqhzgv']","(1048576,[4274,35854,190665,364678,529669,530339,572936,575012,581003,695580,915192,1010195],[1.0,1.0,1.0,1.0,1.0,1.0,1.0,1.0,1.0,1.0,1.0,1.0])","(1048576,[4274,35854,190665,364678,529669,530339,572936,575012,581003,695580,915192,1010195],[3.90197266957,3.90197266957,3.90197266957,3.49650756147,3.20882548901,3.90197266957,3.90197266957,3.90197266957,3.90197266957,3.90197266957,3.90197266957,3.90197266957])",2
6,"2427 Grand Conco… https://t.co/sgEs2X6NTP""",0,"[-73.8612901, 40.84584124]","['2427', 'grand', 'conco…', 'https://t.co/sges2x6ntp""']","['2427', 'grand', 'conco…', 'https://t.co/sges2x6ntp""']","(1048576,[50204,881178,977216,1028681],[1.0,1.0,1.0,1.0])","(1048576,[50204,881178,977216,1028681],[3.90197266957,3.90197266957,3.90197266957,3.90197266957])",6
7,"Catch me spinning today in Oakland from 2-3pm with… https://t.co/HcwKKewIo9""",0,"[-122.26904, 37.8023499]","['catch', 'me', 'spinning', 'today', 'in', 'oakland', 'from', '2-3pm', 'with…', 'https://t.co/hcwkkewio9""']","['catch', 'spinning', 'today', 'oakland', '2-3pm', 'with…', 'https://t.co/hcwkkewio9""']","(1048576,[374859,406038,526039,541594,544082,927523,938519],[1.0,1.0,1.0,1.0,1.0,1.0,1.0])","(1048576,[374859,406038,526039,541594,544082,927523,938519],[3.90197266957,2.11021320035,3.90197266957,3.90197266957,3.90197266957,3.90197266957,3.90197266957])",6
8,"#sonya7iii #cinematicphotography #somewheretravel #imaginarymagnitude #phroommagazine… https://t.co/FJjMw8mDA8""",0,"[-73.94472222, 40.66305556]","['#sonya7iii', '#cinematicphotography', '#somewheretravel', '#imaginarymagnitude', '#phroommagazine…', 'https://t.co/fjjmw8mda8""']","['#sonya7iii', '#cinematicphotography', '#somewheretravel', '#imaginarymagnitude', '#phroommagazine…', 'https://t.co/fjjmw8mda8""']","(1048576,[106458,512464,566364,609366,732465,798538],[1.0,1.0,1.0,1.0,1.0,1.0])","(1048576,[106458,512464,566364,609366,732465,798538],[3.90197266957,3.90197266957,3.90197266957,3.90197266957,3.90197266957,3.90197266957])",6
9,"Just posted a photo @ The Moorings Marina, Tortola, British Virgin Islands https://t.co/Adqae8unkN",0,"[-64.61464743, 18.42619215]","['just', 'posted', 'a', 'photo', '@', 'the', 'moorings', 'marina,', 'tortola,', 'british', 'virgin', 'islands', 'https://t.co/adqae8unkn']","['posted', 'photo', '@', 'moorings', 'marina,', 'tortola,', 'british', 'virgin', 'islands', 'https://t.co/adqae8unkn']","(1048576,[9103,326850,348957,401844,593730,625704,666614,692392,734470,1008717],[1.0,1.0,1.0,1.0,1.0,1.0,1.0,1.0,1.0,1.0])","(1048576,[9103,326850,348957,401844,593730,625704,666614,692392,734470,1008717],[3.49650756147,3.90197266957,3.49650756147,3.90197266957,1.55059741241,3.90197266957,3.90197266957,3.90197266957,3.90197266957,3.90197266957])",6
10,"Episode 108 of Pop Culture Confidential, my extra special interview with TV legend Henry Winkler! And he could not… https://t.co/Pla2OVCkkj",0,"[-118.243, 34.0522]","['episode', '108', 'of', 'pop', 'culture', 'confidential,', 'my', 'extra', 'special', 'interview', 'with', 'tv', 'legend', 'henry', 'winkler!', 'and', 'he', 'could', 'not…', 'https://t.co/pla2ovckkj']","['episode', '108', 'pop', 'culture', 'confidential,', 'extra', 'special', 'interview', 'tv', 'legend', 'henry', 'winkler!', 'not…', 'https://t.co/pla2ovckkj']","(1048576,[64826,68545,159281,174771,388914,395608,411651,414497,490917,629956,647086,713624,718211,798488],[1.0,1.0,1.0,1.0,1.0,1.0,1.0,1.0,1.0,1.0,1.0,1.0,1.0,1.0])","(1048576,[64826,68545,159281,174771,388914,395608,411651,414497,490917,629956,647086,713624,718211,798488],[3.90197266957,3.90197266957,3.90197266957,3.90197266957,3.90197266957,3.90197266957,3.90197266957,3.90197266957,3.90197266957,3.90197266957,3.90197266957,3.90197266957,3.90197266957,3.90197266957])",6
11,Cleared: Incident on #GeorgeWashingtonBridge EB at New Jersey Side/Upper Level Toll Plaza,0,"[-73.9659, 40.854148]","['cleared:', 'incident', 'on', '#georgewashingtonbridge', 'eb', 'at', 'new', 'jersey', 'side/upper', 'level', 'toll', 'plaza']","['cleared:', 'incident', '#georgewashingtonbridge', 'eb', 'new', 'jersey', 'side/upper', 'level', 'toll', 'plaza']","(1048576,[29945,185063,199906,534204,552565,781036,915299,935922,1008469,1015895],[1.0,1.0,1.0,1.0,1.0,1.0,1.0,1.0,1.0,1.0])","(1048576,[29945,185063,199906,534204,552565,781036,915299,935922,1008469,1015895],[3.20882548901,3.90197266957,3.90197266957,3.90197266957,3.90197266957,3.90197266957,3.90197266957,3.49650756147,3.90197266957,3.90197266957])",6
12,? RT @chelzwho: @Quisaveli Gimme a dollar lol Big money,0,"[-114.241108, 33.657314]","['?', 'rt', '@chelzwho:', '@quisaveli', 'gimme', 'a', 'dollar', 'lol', 'big', 'money']","['?', 'rt', '@chelzwho:', '@quisaveli', 'gimme', 'dollar', 'lol', 'big', 'money']","(1048576,[64577,236986,248305,257120,292150,294094,620033,894365,1021928],[1.0,1.0,1.0,1.0,1.0,1.0,1.0,1.0,1.0])","(1048576,[64577,236986,248305,257120,292150,294094,620033,894365,1021928],[3.90197266957,3.90197266957,3.20882548901,3.90197266957,3.49650756147,3.90197266957,3.90197266957,3.90197266957,3.90197266957])",6
13,Exploring #highfalls on our first little trip away with the babe this weekend jessicafrasz #wakkawakkawalker @ High… https://t.co/ZMg9qPm2p6,0,"[-74.1222, 41.8269]","['exploring', '#highfalls', 'on', 'our', 'first', 'little', 'trip', 'away', 'with', 'the', 'babe', 'this', 'weekend', 'jessicafrasz', '#wakkawakkawalker', '@', 'high…', 'https://t.co/zmg9qpm2p6']","['exploring', '#highfalls', 'first', 'little', 'trip', 'away', 'babe', 'weekend', 'jessicafrasz', '#wakkawakkawalker', '@', 'high…', 'https://t.co/zmg9qpm2p6']","(1048576,[82111,129725,179538,347925,443663,504963,533417,593730,633782,690450,768348,843430,1011571],[1.0,1.0,1.0,1.0,1.0,1.0,1.0,1.0,1.0,1.0,1.0,1.0,1.0])","(1048576,[82111,129725,179538,347925,443663,504963,533417,593730,633782,690450,768348,843430,1011571],[3.49650756147,3.90197266957,3.90197266957,3.90197266957,3.90197266957,3.90197266957,3.90197266957,1.55059741241,3.90197266957,3.49650756147,3.90197266957,3.49650756147,3.90197266957])",6
14,"PLAYING CATCH-UP DIS WEEKEND?? #WRKFLO #GOODMONEY?? #SWAMPED #BUTENJOYEDMYBDAITHO ???? @ Chesterfield, Virginia https://t.co/Eka7ao8S6P",0,"[-77.5039, 37.3764]","['playing', 'catch-up', 'dis', 'weekend??', '#wrkflo', '#goodmoney??', '#swamped', '#butenjoyedmybdaitho', '????', '@', 'chesterfield,', 'virginia', 'https://t.co/eka7ao8s6p']","['playing', 'catch-up', 'dis', 'weekend??', '#wrkflo', '#goodmoney??', '#swamped', '#butenjoyedmybdaitho', '????', '@', 'chesterfield,', 'virginia', 'https://t.co/eka7ao8s6p']","(1048576,[116626,330347,375690,380774,387967,553004,593730,690019,759821,811492,832027,850445,917766],[1.0,1.0,1.0,1.0,1.0,1.0,1.0,1.0,1.0,1.0,1.0,1.0,1.0])","(1048576,[116626,330347,375690,380774,387967,553004,593730,690019,759821,811492,832027,850445,917766],[3.90197266957,3.90197266957,3.90197266957,3.90197266957,3.90197266957,3.90197266957,1.55059741241,3.90197266957,3.90197266957,3.90197266957,3.20882548901,3.90197266957,3.90197266957])",6
15,Hey is this where the party’s at ... last nights project ... I’ve always wanted to mess with the original since the… https://t.co/h1B8kSQfP1,0,"[-116.2038, 43.6141]","['hey', 'is', 'this', 'where', 'the', 'party’s', 'at', '...', 'last', 'nights', 'project', '...', 'i’ve', 'always', 'wanted', 'to', 'mess', 'with', 'the', 'original', 'since', 'the…', 'https://t.co/h1b8ksqfp1']","['hey', 'party’s', '...', 'last', 'nights', 'project', '...', 'i’ve', 'always', 'wanted', 'mess', 'original', 'since', 'the…', 'https://t.co/h1b8ksqfp1']","(1048576,[21982,101897,202478,236821,287385,395918,454281,466736,529669,548090,590418,976787,1002801,1019815],[1.0,1.0,1.0,1.0,1.0,1.0,1.0,2.0,1.0,1.0,1.0,1.0,1.0,1.0])","(1048576,[21982,101897,202478,236821,287385,395918,454281,466736,529669,548090,590418,976787,1002801,1019815],[3.90197266957,3.90197266957,3.49650756147,3.49650756147,3.90197266957,3.90197266957,3.90197266957,7.80394533915,3.20882548901,3.90197266957,3.90197266957,3.90197266957,3.90197266957,3.90197266957])",6
16,Love ?? the skin your in embrace your body!! No matter what size we are all beautiful ? ps: inspired by miss Kim Ka… https://t.co/bZ5hGv3IB6,0,"[-96.8, 32.7833]","['love', '??', 'the', 'skin', 'your', 'in', 'embrace', 'your', 'body!!', 'no', 'matter', 'what', 'size', 'we', 'are', 'all', 'beautiful', '?', 'ps:', 'inspired', 'by', 'miss', 'kim', 'ka…', 'https://t.co/bz5hgv3ib6']","['love', '??', 'skin', 'embrace', 'body!!', 'matter', 'size', 'beautiful', '?', 'ps:', 'inspired', 'miss', 'kim', 'ka…', 'https://t.co/bz5hgv3ib6']","(1048576,[83244,103505,191864,302697,307358,364511,391380,494879,720560,764611,788430,836388,878144,972912,1043248],[1.0,1.0,1.0,1.0,1.0,1.0,1.0,1.0,1.0,1.0,1.0,1.0,1.0,1.0,1.0])","(1048576,[83244,103505,191864,302697,307358,364511,391380,494879,720560,764611,788430,836388,878144,972912,1043248],[3.90197266957,3.90197266957,3.90197266957,3.90197266957,3.90197266957,3.90197266957,3.90197266957,3.49650756147,3.90197266957,3.90197266957,3.20882548901,3.90197266957,3.90197266957,3.49650756147,3.90197266957])",6
17,Temp 74.2°F Wind Chill 74.2 °F RH 80% Wind 1.4 WSW Gust 5.0 WSW SLP 30.087 in Rising slowly Rain 0.00 in Solar 70 UV 1.7 #VAWX #SWVAWX #WVWX,0,"[-81.2775, 37.24166667]","['temp', '74.2°f', 'wind', 'chill', '74.2', '°f', 'rh', '80%', 'wind', '1.4', 'wsw', 'gust', '5.0', 'wsw', 'slp', '30.087', 'in', 'rising', 'slowly', 'rain', '0.00', 'in', 'solar', '70', 'uv', '1.7', '#vawx', '#swvawx', '#wvwx']","['temp', '74.2°f', 'wind', 'chill', '74.2', '°f', 'rh', '80%', 'wind', '1.4', 'wsw', 'gust', '5.0', 'wsw', 'slp', '30.087', 'rising', 'slowly', 'rain', '0.00', 'solar', '70', 'uv', '1.7', '#vawx', '#swvawx', '#wvwx']","(1048576,[21007,25009,73660,111032,159607,163986,173431,193254,223635,233508,309629,333682,346218,381390,399852,413989,439866,456887,487310,508060,608460,715636,778104,914452,1031651],[1.0,1.0,1.0,1.0,1.0,1.0,1.0,1.0,1.0,1.0,1.0,1.0,1.0,2.0,1.0,1.0,1.0,1.0,1.0,1.0,1.0,1.0,2.0,1.0,1.0])","(1048576,[21007,25009,73660,111032,159607,163986,173431,193254,223635,233508,309629,333682,346218,381390,399852,413989,439866,456887,487310,508060,608460,715636,778104,914452,1031651],[3.90197266957,3.90197266957,3.49650756147,3.90197266957,3.90197266957,3.90197266957,3.90197266957,3.49650756147,3.90197266957,3.90197266957,3.49650756147,3.90197266957,3.90197266957,6.41765097803,3.90197266957,3.90197266957,3.90197266957,3.90197266957,3.90197266957,3.90197266957,3.90197266957,3.90197266957,7.80394533915,3.90197266957,3.49650756147])",6
18,We're #hiring! Read about our latest #job opening here: Route Service Sales Representative (4 day workweek) -… https://t.co/EJSGgZDhzZ,0,"[-93.2131232, 30.2293526]","[""we're"", '#hiring!', 'read', 'about', 'our', 'latest', '#job', 'opening', 'here:', 'route', 'service', 'sales', 'representative', '(4', 'day', 'workweek)', '-…', 'https://t.co/ejsggzdhzz']","['#hiring!', 'read', 'latest', '#job', 'opening', 'here:', 'route', 'service', 'sales', 'representative', '(4', 'day', 'workweek)', '-…', 'https://t.co/ejsggzdhzz']","(1048576,[39229,45600,78474,122254,187363,285287,315714,366731,540233,604533,770186,800389,810545,849833,856842],[1.0,1.0,1.0,1.0,1.0,1.0,1.0,1.0,1.0,1.0,1.0,1.0,1.0,1.0,1.0])","(1048576,[39229,45600,78474,122254,187363,285287,315714,366731,540233,604533,770186,800389,810545,849833,856842],[3.90197266957,3.90197266957,3.49650756147,2.64920970108,3.90197266957,3.90197266957,3.90197266957,3.49650756147,3.90197266957,3.90197266957,2.9856819377,3.49650756147,3.90197266957,3.90197266957,3.90197266957])",6
19,"I'm at US Post Office in Dumfries, VA https://t.co/FVOe7UtH9e",0,"[-77.33257698, 38.54559347]","[""i'm"", 'at', 'us', 'post', 'office', 'in', 'dumfries,', 'va', 'https://t.co/fvoe7uth9e']","['us', 'post', 'office', 'dumfries,', 'va', 'https://t.co/fvoe7uth9e']","(1048576,[354072,489774,546160,555222,756496,959365],[1.0,1.0,1.0,1.0,1.0,1.0])","(1048576,[354072,489774,546160,555222,756496,959365],[3.90197266957,2.9856819377,3.49650756147,3.90197266957,3.49650756147,3.90197266957])",6
20,Kitty. #cat #catstagram #kitties #kitty #instagram #instacute #instadaily #instagramers  #instagramdaily #cute… https://t.co/yzifxihXKv,0,"[-75.33162, 40.12523]","['kitty.', '#cat', '#catstagram', '#kitties', '#kitty', '#instagram', '#instacute', '#instadaily', '#instagramers', '', '#instagramdaily', '#cute…', 'https://t.co/yzifxihxkv']","['kitty.', '#cat', '#catstagram', '#kitties', '#kitty', '#instagram', '#instacute', '#instadaily', '#instagramers', '', '#instagramdaily', '#cute…', 'https://t.co/yzifxihxkv']","(1048576,[52708,163201,277830,317658,369580,589534,591739,635699,727110,770698,888619,1022087,1035612],[1.0,1.0,1.0,1.0,1.0,1.0,1.0,1.0,1.0,1.0,1.0,1.0,1.0])","(1048576,[52708,163201,277830,317658,369580,589534,591739,635699,727110,770698,888619,1022087,1035612],[3.90197266957,3.90197266957,3.90197266957,3.90197266957,3.90197266957,3.90197266957,3.90197266957,3.90197266957,3.90197266957,3.90197266957,3.90197266957,3.90197266957,1.95606252052])",6
21,Come visit me at @truereligion at @southparkmallnc from 10-3pm #truereligion #southpark #southparkmall #malljob… https://t.co/pBJ7MhCre4,0,"[-80.832182, 35.152423]","['come', 'visit', 'me', 'at', '@truereligion', 'at', '@southparkmallnc', 'from', '10-3pm', '#truereligion', '#southpark', '#southparkmall', '#malljob…', 'https://t.co/pbj7mhcre4']","['come', 'visit', '@truereligion', '@southparkmallnc', '10-3pm', '#truereligion', '#southpark', '#southparkmall', '#malljob…', 'https://t.co/pbj7mhcre4']","(1048576,[117,3177,350907,366043,466524,584363,590718,729330,853724,876922],[1.0,1.0,1.0,1.0,1.0,1.0,1.0,1.0,1.0,1.0])","(1048576,[117,3177,350907,366043,466524,584363,590718,729330,853724,876922],[3.90197266957,3.90197266957,3.90197266957,3.90197266957,3.90197266957,3.90197266957,3.90197266957,3.90197266957,3.90197266957,3.90197266957])",6
22,That’s a wrap for Camp JAM 2018! Thank you to all of our volunteers and to the parents for sharing your children wi… https://t.co/TfSqeN5H71,0,"[-81.17622537, 34.07459638]","['that’s', 'a', 'wrap', 'for', 'camp', 'jam', '2018!', 'thank', 'you', 'to', 'all', 'of', 'our', 'volunteers', 'and', 'to', 'the', 'parents', 'for', 'sharing', 'your', 'children', 'wi…', 'https://t.co/tfsqen5h71']","['that’s', 'wrap', 'camp', 'jam', '2018!', 'thank', 'volunteers', 'parents', 'sharing', 'children', 'wi…', 'https://t.co/tfsqen5h71']","(1048576,[30905,132458,259867,290773,354753,372343,389526,604447,653815,760780,765155,918068],[1.0,1.0,1.0,1.0,1.0,1.0,1.0,1.0,1.0,1.0,1.0,1.0])","(1048576,[30905,132458,259867,290773,354753,372343,389526,604447,653815,760780,765155,918068],[3.49650756147,3.90197266957,3.90197266957,3.90197266957,3.90197266957,3.90197266957,3.90197266957,3.90197266957,3.90197266957,3.90197266957,3.90197266957,3.90197266957])",6
23,"12 yrs old.... 7th GRADE STEM STUDE… https://t.co/1utlav3Qsb""",0,"[-82.81835795, 39.93361621]","['12', 'yrs', 'old....', '7th', 'grade', 'stem', 'stude…', 'https://t.co/1utlav3qsb""']","['12', 'yrs', 'old....', '7th', 'grade', 'stem', 'stude…', 'https://t.co/1utlav3qsb""']","(1048576,[577134,652355,690011,745945,793289,958901,1023141,1045794],[1.0,1.0,1.0,1.0,1.0,1.0,1.0,1.0])","(1048576,[577134,652355,690011,745945,793289,958901,1023141,1045794],[3.90197266957,3.90197266957,3.90197266957,3.90197266957,3.90197266957,3.90197266957,3.90197266957,3.90197266957])",6
24,"8 weeks old and FULL of energy! #boykinsofinstagram #yetipups @ Surfside Beach, South Carolina https://t.co/XdAv4QIkvl",0,"[-78.97305556, 33.60611111]","['8', 'weeks', 'old', 'and', 'full', 'of', 'energy!', '#boykinsofinstagram', '#yetipups', '@', 'surfside', 'beach,', 'south', 'carolina', 'https://t.co/xdav4qikvl']","['8', 'weeks', 'old', 'full', 'energy!', '#boykinsofinstagram', '#yetipups', '@', 'surfside', 'beach,', 'south', 'carolina', 'https://t.co/xdav4qikvl']","(1048576,[4200,151393,162231,193702,243545,321039,358813,593730,652403,757965,758485,885394,978197],[1.0,1.0,1.0,1.0,1.0,1.0,1.0,1.0,1.0,1.0,1.0,1.0,1.0])","(1048576,[4200,151393,162231,193702,243545,321039,358813,593730,652403,757965,758485,885394,978197],[3.90197266957,3.90197266957,3.90197266957,3.90197266957,3.20882548901,3.90197266957,3.90197266957,1.55059741241,3.90197266957,3.90197266957,3.49650756147,3.90197266957,3.90197266957])",6
25,"Can you recommend anyone for this #job? SQL Report Developer - https://t.co/bRlAe8xgHw #Database #Orlando, FL #Hiring #CareerArc",0,"[-81.3792365, 28.5383355]","['can', 'you', 'recommend', 'anyone', 'for', 'this', '#job?', 'sql', 'report', 'developer', '-', 'https://t.co/brlae8xghw', '#database', '#orlando,', 'fl', '#hiring', '#careerarc']","['recommend', 'anyone', '#job?', 'sql', 'report', 'developer', '-', 'https://t.co/brlae8xghw', '#database', '#orlando,', 'fl', '#hiring', '#careerarc']","(1048576,[966,129613,138193,257958,307647,339710,546607,569819,572878,639649,695983,743113,1010348],[1.0,1.0,1.0,1.0,1.0,1.0,1.0,1.0,1.0,1.0,1.0,1.0,1.0])","(1048576,[966,129613,138193,257958,307647,339710,546607,569819,572878,639649,695983,743113,1010348],[3.90197266957,3.20882548901,3.20882548901,3.90197266957,3.90197266957,3.90197266957,2.64920970108,2.64920970108,3.90197266957,3.90197266957,2.51567830845,3.90197266957,3.90197266957])",6
26,"Did you miss our webinar on how to measure and make the most of your #Trucking company’s resources? No worries, you… https://t.co/0cEUauX996",0,"[-81.4545936, 41.5106666]","['did', 'you', 'miss', 'our', 'webinar', 'on', 'how', 'to', 'measure', 'and', 'make', 'the', 'most', 'of', 'your', '#trucking', 'company’s', 'resources?', 'no', 'worries,', 'you…', 'https://t.co/0ceuaux996']","['miss', 'webinar', 'measure', 'make', '#trucking', 'company’s', 'resources?', 'worries,', 'you…', 'https://t.co/0ceuaux996']","(1048576,[115561,116887,139666,308893,351861,445372,494879,518461,952300,973013],[1.0,1.0,1.0,1.0,1.0,1.0,1.0,1.0,1.0,1.0])","(1048576,[115561,116887,139666,308893,351861,445372,494879,518461,952300,973013],[3.90197266957,3.90197266957,3.90197266957,3.90197266957,3.90197266957,3.90197266957,3.49650756147,3.90197266957,3.90197266957,3.90197266957])",6
27,"#memphis #memphisdesigner #customframing @ Frame Corner, Inc. https://t.co/SUa5tdm5BQ",0,"[-89.89352739, 35.10736702]","['#memphis', '#memphisdesigner', '#customframing', '@', 'frame', 'corner,', 'inc.', 'https://t.co/sua5tdm5bq']","['#memphis', '#memphisdesigner', '#customframing', '@', 'frame', 'corner,', 'inc.', 'https://t.co/sua5tdm5bq']","(1048576,[57237,425542,426410,501331,593730,707100,795896,927444],[1.0,1.0,1.0,1.0,1.0,1.0,1.0,1.0])","(1048576,[57237,425542,426410,501331,593730,707100,795896,927444],[3.90197266957,3.90197266957,3.90197266957,3.90197266957,1.55059741241,3.90197266957,3.90197266957,3.90197266957])",6
28,Giving the stink eye to this joint..charged me 3 bucks for 1 tomato and 1 small head of lettuce..that tomato better… https://t.co/LfzTmHSPu7,0,"[-75.16964219, 39.92444034]","['giving', 'the', 'stink', 'eye', 'to', 'this', 'joint..charged', 'me', '3', 'bucks', 'for', '1', 'tomato', 'and', '1', 'small', 'head', 'of', 'lettuce..that', 'tomato', 'better…', 'https://t.co/lfztmhspu7']","['giving', 'stink', 'eye', 'joint..charged', '3', 'bucks', '1', 'tomato', '1', 'small', 'head', 'lettuce..that', 'tomato', 'better…', 'https://t.co/lfztmhspu7']","(1048576,[134908,351218,363304,395591,455256,665496,684943,747517,751950,760520,766602,854213,889464],[2.0,1.0,1.0,1.0,1.0,1.0,1.0,1.0,1.0,2.0,1.0,1.0,1.0])","(1048576,[134908,351218,363304,395591,455256,665496,684943,747517,751950,760520,766602,854213,889464],[7.80394533915,3.90197266957,3.90197266957,3.90197266957,3.90197266957,3.90197266957,3.90197266957,3.90197266957,3.90197266957,7.80394533915,3.90197266957,3.90197266957,3.90197266957])",6
29,Off to the Market with the Mayor @dawn_moncton #farmersmarket #monctonmarket #mymoncton #moncton #monctonnb @ March… https://t.co/b5qYHThn5G,0,"[-64.7783199, 46.08751]","['off', 'to', 'the', 'market', 'with', 'the', 'mayor', '@dawn_moncton', '#farmersmarket', '#monctonmarket', '#mymoncton', '#moncton', '#monctonnb', '@', 'march…', 'https://t.co/b5qyhthn5g']","['market', 'mayor', '@dawn_moncton', '#farmersmarket', '#monctonmarket', '#mymoncton', '#moncton', '#monctonnb', '@', 'march…', 'https://t.co/b5qyhthn5g']","(1048576,[75275,359754,414546,536509,577675,593730,609471,694986,698944,861157,964967],[1.0,1.0,1.0,1.0,1.0,1.0,1.0,1.0,1.0,1.0,1.0])","(1048576,[75275,359754,414546,536509,577675,593730,609471,694986,698944,861157,964967],[3.90197266957,3.90197266957,3.90197266957,3.90197266957,3.90197266957,1.55059741241,3.90197266957,3.90197266957,3.90197266957,3.90197266957,3.90197266957])",6
30,"Allez les Bleus!!! @ Brooklyn, New York https://t.co/M3mcVgoGqB",0,"[-73.95, 40.65]","['allez', 'les', 'bleus!!!', '@', 'brooklyn,', 'new', 'york', 'https://t.co/m3mcvgogqb']","['allez', 'les', 'bleus!!!', '@', 'brooklyn,', 'new', 'york', 'https://t.co/m3mcvgogqb']","(1048576,[10668,29945,591037,593730,606584,682749,811432,830367],[1.0,1.0,1.0,1.0,1.0,1.0,1.0,1.0])","(1048576,[10668,29945,591037,593730,606584,682749,811432,830367],[3.90197266957,3.20882548901,3.90197266957,1.55059741241,3.90197266957,3.90197266957,3.49650756147,3.90197266957])",6
31,"I'm at JFK AirTrain - Jamaica Station in Jamaica, NY https://t.co/PAqB70xow3 https://t.co/bsyGmS1ZSy",0,"[-73.80829078, 40.69915431]","[""i'm"", 'at', 'jfk', 'airtrain', '-', 'jamaica', 'station', 'in', 'jamaica,', 'ny', 'https://t.co/paqb70xow3', 'https://t.co/bsygms1zsy']","['jfk', 'airtrain', '-', 'jamaica', 'station', 'jamaica,', 'ny', 'https://t.co/paqb70xow3', 'https://t.co/bsygms1zsy']","(1048576,[145123,421644,450068,484438,569819,588027,702220,766838,1023905],[1.0,1.0,1.0,1.0,1.0,1.0,1.0,1.0,1.0])","(1048576,[145123,421644,450068,484438,569819,588027,702220,766838,1023905],[3.49650756147,3.90197266957,3.90197266957,3.49650756147,2.64920970108,3.90197266957,3.90197266957,3.90197266957,3.90197266957])",6
32,Tonight live music in Carlsbad  83 Degrees with PSYDECAR vibing 9pm-12! psydecar 83degreescarlsbad #psydecar… https://t.co/885nRECxdN,0,"[-117.34719781, 33.16069189]","['tonight', 'live', 'music', 'in', 'carlsbad', '', '83', 'degrees', 'with', 'psydecar', 'vibing', '9pm-12!', 'psydecar', '83degreescarlsbad', '#psydecar…', 'https://t.co/885nrecxdn']","['tonight', 'live', 'music', 'carlsbad', '', '83', 'degrees', 'psydecar', 'vibing', '9pm-12!', 'psydecar', '83degreescarlsbad', '#psydecar…', 'https://t.co/885nrecxdn']","(1048576,[61512,93917,183840,197059,346283,379770,516653,557341,737631,737687,849875,860104,1035612],[1.0,1.0,1.0,1.0,1.0,1.0,2.0,1.0,1.0,1.0,1.0,1.0,1.0])","(1048576,[61512,93917,183840,197059,346283,379770,516653,557341,737631,737687,849875,860104,1035612],[3.90197266957,2.29253475714,3.90197266957,3.90197266957,3.90197266957,3.90197266957,7.80394533915,3.90197266957,3.90197266957,3.90197266957,3.90197266957,3.90197266957,1.95606252052])",6
33,#captionthis #eh #feedme #whataboutit #aspecialnightout #letseat #myfriends @ Fat Rice https://t.co/ZXcno3VQSg,0,"[-87.70239233, 41.93193263]","['#captionthis', '#eh', '#feedme', '#whataboutit', '#aspecialnightout', '#letseat', '#myfriends', '@', 'fat', 'rice', 'https://t.co/zxcno3vqsg']","['#captionthis', '#eh', '#feedme', '#whataboutit', '#aspecialnightout', '#letseat', '#myfriends', '@', 'fat', 'rice', 'https://t.co/zxcno3vqsg']","(1048576,[33028,115750,493187,493589,510620,593730,684163,693492,810333,878304,892630],[1.0,1.0,1.0,1.0,1.0,1.0,1.0,1.0,1.0,1.0,1.0])","(1048576,[33028,115750,493187,493589,510620,593730,684163,693492,810333,878304,892630],[3.90197266957,3.90197266957,3.90197266957,3.90197266957,3.90197266957,1.55059741241,3.90197266957,3.90197266957,3.90197266957,3.90197266957,3.90197266957])",6
34,Carolina Weather - Current Local Conditions @ 10:00 AM. #Clayton #NC #Wc https://t.co/1BiIbkMt8C,1,"[-78.328611, 35.625556]","['carolina', 'weather', '-', 'current', 'local', 'conditions', '@', '10:00', 'am.', '#clayton', '#nc', '#wc', 'https://t.co/1biibkmt8c']","['carolina', 'weather', '-', 'current', 'local', 'conditions', '@', '10:00', 'am.', '#clayton', '#nc', '#wc', 'https://t.co/1biibkmt8c']","(1048576,[66452,255628,360166,519601,547262,552037,569819,593730,747568,758485,879286,880342,959192],[1.0,1.0,1.0,1.0,1.0,1.0,1.0,1.0,1.0,1.0,1.0,1.0,1.0])","(1048576,[66452,255628,360166,519601,547262,552037,569819,593730,747568,758485,879286,880342,959192],[3.90197266957,3.90197266957,3.90197266957,3.90197266957,3.90197266957,3.90197266957,2.64920970108,1.55059741241,3.90197266957,3.49650756147,3.90197266957,3.90197266957,3.49650756147])",6
35,07:00 84F(Hi86/Lo77) Feels like 78F Wind SSE 2-&gt;3mph (Lt Air) Hum 16% Baro 29.94(+) Solar 239 UV 0.0 ET 0.040 Cloud… https://t.co/WXcBeX2L2u,0,"[-111.49328, 33.41578]","['07:00', '84f(hi86/lo77)', 'feels', 'like', '78f', 'wind', 'sse', '2-&gt;3mph', '(lt', 'air)', 'hum', '16%', 'baro', '29.94(+)', 'solar', '239', 'uv', '0.0', 'et', '0.040', 'cloud…', 'https://t.co/wxcbex2l2u']","['07:00', '84f(hi86/lo77)', 'feels', 'like', '78f', 'wind', 'sse', '2-&gt;3mph', '(lt', 'air)', 'hum', '16%', 'baro', '29.94(+)', 'solar', '239', 'uv', '0.0', 'et', '0.040', 'cloud…', 'https://t.co/wxcbex2l2u']","(1048576,[52835,73660,88307,196766,275999,309629,331626,332076,363203,381390,387947,432670,470402,514806,595198,646707,659133,681536,735494,879932,931161,991198],[1.0,1.0,1.0,1.0,1.0,1.0,1.0,1.0,1.0,1.0,1.0,1.0,1.0,1.0,1.0,1.0,1.0,1.0,1.0,1.0,1.0,1.0])","(1048576,[52835,73660,88307,196766,275999,309629,331626,332076,363203,381390,387947,432670,470402,514806,595198,646707,659133,681536,735494,879932,931161,991198],[3.90197266957,3.49650756147,3.90197266957,3.90197266957,3.90197266957,3.49650756147,3.90197266957,3.90197266957,3.90197266957,3.20882548901,3.90197266957,3.90197266957,3.90197266957,3.90197266957,3.90197266957,3.90197266957,3.90197266957,3.90197266957,3.90197266957,3.90197266957,3.90197266957,3.90197266957])",6
36,"I'm at Rite Aid in Dumfries, VA https://t.co/6H0wFpCEMs",0,"[-77.328375, 38.561513]","[""i'm"", 'at', 'rite', 'aid', 'in', 'dumfries,', 'va', 'https://t.co/6h0wfpcems']","['rite', 'aid', 'dumfries,', 'va', 'https://t.co/6h0wfpcems']","(1048576,[152109,489774,558659,756496,845581],[1.0,1.0,1.0,1.0,1.0])","(1048576,[152109,489774,558659,756496,845581],[3.90197266957,2.9856819377,3.90197266957,3.49650756147,3.90197266957])",6
37,And let the games begin. #fifaworldcup #coffee #myfathercigars #donpepingarcia #seriesjj #2011 #aged #cigars… https://t.co/abnYis3iS1,0,"[-80.4447262, 25.68889429]","['and', 'let', 'the', 'games', 'begin.', '#fifaworldcup', '#coffee', '#myfathercigars', '#donpepingarcia', '#seriesjj', '#2011', '#aged', '#cigars…', 'https://t.co/abnyis3is1']","['let', 'games', 'begin.', '#fifaworldcup', '#coffee', '#myfathercigars', '#donpepingarcia', '#seriesjj', '#2011', '#aged', '#cigars…', 'https://t.co/abnyis3is1']","(1048576,[18359,38684,74791,238257,418064,556476,563797,564741,702753,746597,846260,850620],[1.0,1.0,1.0,1.0,1.0,1.0,1.0,1.0,1.0,1.0,1.0,1.0])","(1048576,[18359,38684,74791,238257,418064,556476,563797,564741,702753,746597,846260,850620],[3.90197266957,3.90197266957,3.90197266957,3.90197266957,3.90197266957,3.90197266957,3.90197266957,3.90197266957,3.90197266957,3.90197266957,3.90197266957,3.90197266957])",0
38,"Great week of work for me at Rush Truck Centers this past week. On this sale, I was informed a month ago that we wo… https://t.co/OABTfSmztk",0,"[-118.41716281, 34.29594084]","['great', 'week', 'of', 'work', 'for', 'me', 'at', 'rush', 'truck', 'centers', 'this', 'past', 'week.', 'on', 'this', 'sale,', 'i', 'was', 'informed', 'a', 'month', 'ago', 'that', 'we', 'wo…', 'https://t.co/oabtfsmztk']","['great', 'week', 'work', 'rush', 'truck', 'centers', 'past', 'week.', 'sale,', 'informed', 'month', 'ago', 'wo…', 'https://t.co/oabtfsmztk']","(1048576,[5232,57220,138356,175424,398069,459090,681778,712553,723733,767382,774843,780200,820775,894007],[1.0,1.0,1.0,1.0,1.0,1.0,1.0,1.0,1.0,1.0,1.0,1.0,1.0,1.0])","(1048576,[5232,57220,138356,175424,398069,459090,681778,712553,723733,767382,774843,780200,820775,894007],[3.90197266957,3.90197266957,3.20882548901,3.90197266957,3.90197266957,3.20882548901,3.90197266957,3.90197266957,3.90197266957,3.49650756147,3.90197266957,3.90197266957,3.20882548901,3.90197266957])",6
39,? #DUDEALERT A lot of LOUD noises heard in Peoria last night. usabchamps starts Sunday. #stormbeforethebigstorm… https://t.co/PNQjmbFo49,0,"[-112.07638889, 33.52833333]","['?', '#dudealert', 'a', 'lot', 'of', 'loud', 'noises', 'heard', 'in', 'peoria', 'last', 'night.', 'usabchamps', 'starts', 'sunday.', '#stormbeforethebigstorm…', 'https://t.co/pnqjmbfo49']","['?', '#dudealert', 'lot', 'loud', 'noises', 'heard', 'peoria', 'last', 'night.', 'usabchamps', 'starts', 'sunday.', '#stormbeforethebigstorm…', 'https://t.co/pnqjmbfo49']","(1048576,[135808,144979,185513,411678,444189,465601,529669,652519,700827,743763,749116,807726,810918,859629],[1.0,1.0,1.0,1.0,1.0,1.0,1.0,1.0,1.0,1.0,1.0,1.0,1.0,1.0])","(1048576,[135808,144979,185513,411678,444189,465601,529669,652519,700827,743763,749116,807726,810918,859629],[3.49650756147,3.90197266957,3.90197266957,3.90197266957,3.90197266957,3.90197266957,3.20882548901,3.90197266957,3.90197266957,3.90197266957,3.90197266957,3.90197266957,3.90197266957,3.90197266957])",6
40,I just finished canicross running 3.99 km in 58m:32s with #Endomondo #endorphins https://t.co/QiYHJj4poS,0,"[-113.6146465, 31.3334153]","['i', 'just', 'finished', 'canicross', 'running', '3.99', 'km', 'in', '58m:32s', 'with', '#endomondo', '#endorphins', 'https://t.co/qiyhjj4pos']","['finished', 'canicross', 'running', '3.99', 'km', '58m:32s', '#endomondo', '#endorphins', 'https://t.co/qiyhjj4pos']","(1048576,[90042,149211,584850,598279,610931,759316,778058,901172,923381],[1.0,1.0,1.0,1.0,1.0,1.0,1.0,1.0,1.0])","(1048576,[90042,149211,584850,598279,610931,759316,778058,901172,923381],[3.90197266957,3.90197266957,3.90197266957,3.90197266957,3.90197266957,3.90197266957,3.90197266957,3.90197266957,3.90197266957])",6
41,"One of the most beautiful places on Earth.   The people here are so very friendly.  If u can, take a trip down. @ A… https://t.co/DtQhml6Q5y",0,"[-77.32141733, 25.08429738]","['one', 'of', 'the', 'most', 'beautiful', 'places', 'on', 'earth.', '', '', 'the', 'people', 'here', 'are', 'so', 'very', 'friendly.', '', 'if', 'u', 'can,', 'take', 'a', 'trip', 'down.', '@', 'a…', 'https://t.co/dtqhml6q5y']","['one', 'beautiful', 'places', 'earth.', '', '', 'people', 'friendly.', '', 'u', 'can,', 'take', 'trip', 'down.', '@', 'a…', 'https://t.co/dtqhml6q5y']","(1048576,[108674,211926,376830,402692,445834,517822,593730,649660,653752,712563,788430,842071,843430,1016799,1035612],[1.0,1.0,1.0,1.0,1.0,1.0,1.0,1.0,1.0,1.0,1.0,1.0,1.0,1.0,3.0])","(1048576,[108674,211926,376830,402692,445834,517822,593730,649660,653752,712563,788430,842071,843430,1016799,1035612],[3.90197266957,3.49650756147,3.49650756147,3.90197266957,3.90197266957,3.90197266957,1.55059741241,2.80336038091,3.90197266957,3.90197266957,3.20882548901,3.90197266957,3.49650756147,3.90197266957,5.86818756156])",6
42,"I'm at Ac Hotel By Marriott Parking Garage in Dublin, OH https://t.co/j4l2su546p",0,"[-83.10742, 40.100704]","[""i'm"", 'at', 'ac', 'hotel', 'by', 'marriott', 'parking', 'garage', 'in', 'dublin,', 'oh', 'https://t.co/j4l2su546p']","['ac', 'hotel', 'marriott', 'parking', 'garage', 'dublin,', 'oh', 'https://t.co/j4l2su546p']","(1048576,[172491,215248,267599,376501,377991,431706,544147,562509],[1.0,1.0,1.0,1.0,1.0,1.0,1.0,1.0])","(1048576,[172491,215248,267599,376501,377991,431706,544147,562509],[3.90197266957,3.90197266957,3.90197266957,3.90197266957,3.90197266957,3.90197266957,3.90197266957,3.90197266957])",6
43,All smiles heading into a weekend at the beach with the besties ? !!! I definitely am obsessed with denim skirts la… https://t.co/LSsUmkXVha,0,"[-74.6964, 39.1538]","['all', 'smiles', 'heading', 'into', 'a', 'weekend', 'at', 'the', 'beach', 'with', 'the', 'besties', '?', '!!!', 'i', 'definitely', 'am', 'obsessed', 'with', 'denim', 'skirts', 'la…', 'https://t.co/lssumkxvha']","['smiles', 'heading', 'weekend', 'beach', 'besties', '?', '!!!', 'definitely', 'obsessed', 'denim', 'skirts', 'la…', 'https://t.co/lssumkxvha']","(1048576,[214923,267925,450941,529665,557218,618138,627536,679667,690450,723403,770366,959949,1047551],[1.0,1.0,1.0,1.0,1.0,1.0,1.0,1.0,1.0,1.0,1.0,1.0,1.0])","(1048576,[214923,267925,450941,529665,557218,618138,627536,679667,690450,723403,770366,959949,1047551],[3.90197266957,3.90197266957,3.90197266957,3.90197266957,3.90197266957,3.90197266957,3.90197266957,3.90197266957,3.49650756147,3.90197266957,3.90197266957,3.90197266957,3.90197266957])",6
44,We're always looking for great people to join us here at AMC Theatres. Check out our latest opening!… https://t.co/cr5UJKZPV9,0,"[-80.850346, 35.353584]","[""we're"", 'always', 'looking', 'for', 'great', 'people', 'to', 'join', 'us', 'here', 'at', 'amc', 'theatres.', 'check', 'out', 'our', 'latest', 'opening!…', 'https://t.co/cr5ujkzpv9']","['always', 'looking', 'great', 'people', 'join', 'us', 'amc', 'theatres.', 'check', 'latest', 'opening!…', 'https://t.co/cr5ujkzpv9']","(1048576,[59610,105836,138356,236821,376830,476264,546160,770186,989128,991355,1006010,1021672],[1.0,1.0,1.0,1.0,1.0,1.0,1.0,1.0,1.0,1.0,1.0,1.0])","(1048576,[59610,105836,138356,236821,376830,476264,546160,770186,989128,991355,1006010,1021672],[3.90197266957,3.90197266957,3.20882548901,3.49650756147,3.49650756147,3.90197266957,3.49650756147,2.9856819377,3.90197266957,3.20882548901,3.20882548901,3.49650756147])",6
45,folks..... it's soccer time,0,"[-71.16246131, 44.16931324]","['folks.....', ""it's"", 'soccer', 'time']","['folks.....', 'soccer', 'time']","(1048576,[383661,746020,762755],[1.0,1.0,1.0])","(1048576,[383661,746020,762755],[3.90197266957,3.90197266957,3.49650756147])",6
46,This week marked another step in my career as I’m officially a Republic Airline Ambassador for floridatech Unbeliev… https://t.co/8FAJBA2Tg9,1,"[-86.31277425, 39.71809421]","['this', 'week', 'marked', 'another', 'step', 'in', 'my', 'career', 'as', 'i’m', 'officially', 'a', 'republic', 'airline', 'ambassador', 'for', 'floridatech', 'unbeliev…', 'https://t.co/8fajba2tg9']","['week', 'marked', 'another', 'step', 'career', 'i’m', 'officially', 'republic', 'airline', 'ambassador', 'floridatech', 'unbeliev…', 'https://t.co/8fajba2tg9']","(1048576,[153296,235606,283750,455491,459090,543658,595739,650204,719660,849222,897567,946418,1045720],[1.0,1.0,1.0,1.0,1.0,1.0,1.0,1.0,1.0,1.0,1.0,1.0,1.0])","(1048576,[153296,235606,283750,455491,459090,543658,595739,650204,719660,849222,897567,946418,1045720],[3.90197266957,2.9856819377,3.90197266957,3.90197266957,3.20882548901,3.90197266957,3.90197266957,3.90197266957,3.90197266957,3.90197266957,3.90197266957,3.90197266957,3.90197266957])",6
47,"Crevalle Jack, Jack Fish @ Biloxi, Mississippi https://t.co/eLrAOZHpCV",0,"[-88.9278, 30.412]","['crevalle', 'jack,', 'jack', 'fish', '@', 'biloxi,', 'mississippi', 'https://t.co/elraozhpcv']","['crevalle', 'jack,', 'jack', 'fish', '@', 'biloxi,', 'mississippi', 'https://t.co/elraozhpcv']","(1048576,[129907,261151,325296,593730,678723,785799,911044,975488],[1.0,1.0,1.0,1.0,1.0,1.0,1.0,1.0])","(1048576,[129907,261151,325296,593730,678723,785799,911044,975488],[3.90197266957,3.90197266957,3.90197266957,1.55059741241,3.90197266957,3.90197266957,3.90197266957,3.90197266957])",6
48,"Anniversary breakfast!!! Thanks to beautiful children and the better halves (@ Waffles INcaffeinated in Beaver, PA) https://t.co/L5B5jmnx7y",0,"[-80.30251756, 40.6960905]","['anniversary', 'breakfast!!!', 'thanks', 'to', 'beautiful', 'children', 'and', 'the', 'better', 'halves', '(@', 'waffles', 'incaffeinated', 'in', 'beaver,', 'pa)', 'https://t.co/l5b5jmnx7y']","['anniversary', 'breakfast!!!', 'thanks', 'beautiful', 'children', 'better', 'halves', '(@', 'waffles', 'incaffeinated', 'beaver,', 'pa)', 'https://t.co/l5b5jmnx7y']","(1048576,[10237,30905,129385,413184,416138,452008,511660,516437,652516,746078,788430,902349,932350],[1.0,1.0,1.0,1.0,1.0,1.0,1.0,1.0,1.0,1.0,1.0,1.0,1.0])","(1048576,[10237,30905,129385,413184,416138,452008,511660,516437,652516,746078,788430,902349,932350],[3.90197266957,3.49650756147,3.90197266957,3.90197266957,3.90197266957,3.90197266957,3.90197266957,3.90197266957,3.90197266957,3.90197266957,3.20882548901,3.90197266957,3.20882548901])",6
49,LET’S TALK ABOUT FEELING STRONG ?? I remember showing up to my first day of soccer tryouts in HS and sobbing in the… https://t.co/teaUksx9xJ,0,"[-117.93163555, 33.63406947]","['let’s', 'talk', 'about', 'feeling', 'strong', '??', 'i', 'remember', 'showing', 'up', 'to', 'my', 'first', 'day', 'of', 'soccer', 'tryouts', 'in', 'hs', 'and', 'sobbing', 'in', 'the…', 'https://t.co/teauksx9xj']","['let’s', 'talk', 'feeling', 'strong', '??', 'remember', 'showing', 'first', 'day', 'soccer', 'tryouts', 'hs', 'sobbing', 'the…', 'https://t.co/teauksx9xj']","(1048576,[82111,159176,202478,354232,417735,445428,487176,559616,658626,721285,762755,800389,858557,950121,1020125],[1.0,1.0,1.0,1.0,1.0,1.0,1.0,1.0,1.0,1.0,1.0,1.0,1.0,1.0,1.0])","(1048576,[82111,159176,202478,354232,417735,445428,487176,559616,658626,721285,762755,800389,858557,950121,1020125],[3.49650756147,3.90197266957,3.49650756147,3.90197266957,3.90197266957,3.90197266957,3.90197266957,3.90197266957,3.49650756147,3.90197266957,3.49650756147,3.49650756147,3.90197266957,3.90197266957,3.90197266957])",6
50,"Quick turnaround (@ Rocky Mountain Warehouse Lofts in Denver, CO) https://t.co/2fZH1zBdDa",0,"[-104.99146011, 39.75273774]","['quick', 'turnaround', '(@', 'rocky', 'mountain', 'warehouse', 'lofts', 'in', 'denver,', 'co)', 'https://t.co/2fzh1zbdda']","['quick', 'turnaround', '(@', 'rocky', 'mountain', 'warehouse', 'lofts', 'denver,', 'co)', 'https://t.co/2fzh1zbdda']","(1048576,[535,29998,61171,202901,306900,327198,331520,546611,834377,932350],[1.0,1.0,1.0,1.0,1.0,1.0,1.0,1.0,1.0,1.0])","(1048576,[535,29998,61171,202901,306900,327198,331520,546611,834377,932350],[3.90197266957,3.90197266957,3.90197266957,3.90197266957,3.90197266957,3.90197266957,3.90197266957,3.90197266957,3.90197266957,3.20882548901])",6
51,"Wind 2.2 mph SE. Barometer 30.23 in, Rising. Temperature 86.8 °F. Rain today 0.00 in. Humidity 72%",0,"[-84.51194444, 37.47472222]","['wind', '2.2', 'mph', 'se.', 'barometer', '30.23', 'in,', 'rising.', 'temperature', '86.8', '°f.', 'rain', 'today', '0.00', 'in.', 'humidity', '72%']","['wind', '2.2', 'mph', 'se.', 'barometer', '30.23', 'in,', 'rising.', 'temperature', '86.8', '°f.', 'rain', 'today', '0.00', 'in.', 'humidity', '72%']","(1048576,[48301,193254,297267,372250,381390,403380,406038,498613,511604,657047,670243,686674,714791,717071,836563,1005490,1031651],[1.0,1.0,1.0,1.0,1.0,1.0,1.0,1.0,1.0,1.0,1.0,1.0,1.0,1.0,1.0,1.0,1.0])","(1048576,[48301,193254,297267,372250,381390,403380,406038,498613,511604,657047,670243,686674,714791,717071,836563,1005490,1031651],[3.90197266957,3.49650756147,3.90197266957,3.90197266957,3.20882548901,3.90197266957,2.11021320035,3.90197266957,3.90197266957,3.90197266957,3.90197266957,3.90197266957,3.90197266957,3.90197266957,3.90197266957,3.90197266957,3.49650756147])",6
52,"#charlestonwedding… https://t.co/95QtJ01Lrx""",0,"[-79.95089, 32.77938]","['#charlestonwedding…', 'https://t.co/95qtj01lrx""']","['#charlestonwedding…', 'https://t.co/95qtj01lrx""']","(1048576,[315682,978483],[1.0,1.0])","(1048576,[315682,978483],[3.90197266957,3.90197266957])",6
53,"Accident. two left lanes blocked in #ChevyChase on The Beltway Outer Loop at Connecticut Ave, jammed back to MD-193, delay of 13 mins",0,"[-77.07821, 39.00557]","['accident.', 'two', 'left', 'lanes', 'blocked', 'in', '#chevychase', 'on', 'the', 'beltway', 'outer', 'loop', 'at', 'connecticut', 'ave,', 'jammed', 'back', 'to', 'md-193,', 'delay', 'of', '13', 'mins']","['accident.', 'two', 'left', 'lanes', 'blocked', '#chevychase', 'beltway', 'outer', 'loop', 'connecticut', 'ave,', 'jammed', 'back', 'md-193,', 'delay', '13', 'mins']","(1048576,[4751,15664,252551,276719,287751,387224,432558,459958,520420,629977,662992,742401,794222,918702,932654,959320,1034523],[1.0,1.0,1.0,1.0,1.0,1.0,1.0,1.0,1.0,1.0,1.0,1.0,1.0,1.0,1.0,1.0,1.0])","(1048576,[4751,15664,252551,276719,287751,387224,432558,459958,520420,629977,662992,742401,794222,918702,932654,959320,1034523],[3.90197266957,3.90197266957,3.90197266957,3.90197266957,3.90197266957,3.90197266957,3.90197266957,3.90197266957,3.90197266957,3.90197266957,3.90197266957,3.90197266957,3.90197266957,3.90197266957,3.90197266957,3.90197266957,3.90197266957])",6
54,Enjoying Saturday morning coffee in my #wvalmostheaven #fiestaware mug given to me by my friend bobashleywv @ Charl… https://t.co/0zhwtiQUpB,1,"[-81.6333, 38.3495]","['enjoying', 'saturday', 'morning', 'coffee', 'in', 'my', '#wvalmostheaven', '#fiestaware', 'mug', 'given', 'to', 'me', 'by', 'my', 'friend', 'bobashleywv', '@', 'charl…', 'https://t.co/0zhwtiqupb']","['enjoying', 'saturday', 'morning', 'coffee', '#wvalmostheaven', '#fiestaware', 'mug', 'given', 'friend', 'bobashleywv', '@', 'charl…', 'https://t.co/0zhwtiqupb']","(1048576,[283172,287472,421014,491414,536239,593730,620095,671791,791537,854689,858008,927746,1014758],[1.0,1.0,1.0,1.0,1.0,1.0,1.0,1.0,1.0,1.0,1.0,1.0,1.0])","(1048576,[283172,287472,421014,491414,536239,593730,620095,671791,791537,854689,858008,927746,1014758],[3.90197266957,3.90197266957,3.90197266957,3.90197266957,3.49650756147,1.55059741241,3.90197266957,3.49650756147,3.90197266957,3.90197266957,3.90197266957,3.90197266957,3.90197266957])",6
55,Join the MedExpress team! See our latest #job opening here: https://t.co/VPjciLDfar #urgentcare #Healthcare… https://t.co/CBytEjqIma,0,"[-78.8689155, 38.4495688]","['join', 'the', 'medexpress', 'team!', 'see', 'our', 'latest', '#job', 'opening', 'here:', 'https://t.co/vpjcildfar', '#urgentcare', '#healthcare…', 'https://t.co/cbytejqima']","['join', 'medexpress', 'team!', 'see', 'latest', '#job', 'opening', 'here:', 'https://t.co/vpjcildfar', '#urgentcare', '#healthcare…', 'https://t.co/cbytejqima']","(1048576,[78474,89403,122254,215995,222418,366731,434352,452526,503549,770186,908561,1021672],[1.0,1.0,1.0,1.0,1.0,1.0,1.0,1.0,1.0,1.0,1.0,1.0])","(1048576,[78474,89403,122254,215995,222418,366731,434352,452526,503549,770186,908561,1021672],[3.49650756147,3.90197266957,2.64920970108,3.49650756147,3.90197266957,3.49650756147,3.90197266957,3.90197266957,3.90197266957,2.9856819377,3.90197266957,3.49650756147])",6
56,"If you're looking for work in #MtOlive, NC, check out this #job: https://t.co/mlwVSBYWsC #Healthcare #Hiring #CareerArc",0,"[-78.0663788, 35.1965531]","['if', ""you're"", 'looking', 'for', 'work', 'in', '#mtolive,', 'nc,', 'check', 'out', 'this', '#job:', 'https://t.co/mlwvsbywsc', '#healthcare', '#hiring', '#careerarc']","['looking', 'work', '#mtolive,', 'nc,', 'check', '#job:', 'https://t.co/mlwvsbywsc', '#healthcare', '#hiring', '#careerarc']","(1048576,[309997,356240,546607,558955,642363,695983,820775,991355,1006010,1018145],[1.0,1.0,1.0,1.0,1.0,1.0,1.0,1.0,1.0,1.0])","(1048576,[309997,356240,546607,558955,642363,695983,820775,991355,1006010,1018145],[3.49650756147,3.90197266957,2.64920970108,3.49650756147,3.90197266957,2.51567830845,3.20882548901,3.20882548901,3.20882548901,3.90197266957])",6
57,Where are the girls?  Where are the babies? Use your voice. Today's rally is just one of 700 happening around the U… https://t.co/aMlsHUeJTc,0,"[-77.0367, 38.8951]","['where', 'are', 'the', 'girls?', '', 'where', 'are', 'the', 'babies?', 'use', 'your', 'voice.', ""today's"", 'rally', 'is', 'just', 'one', 'of', '700', 'happening', 'around', 'the', 'u…', 'https://t.co/amlshuejtc']","['girls?', '', 'babies?', 'use', 'voice.', ""today's"", 'rally', 'one', '700', 'happening', 'around', 'u…', 'https://t.co/amlshuejtc']","(1048576,[53252,110232,163296,193411,379017,448402,453853,490295,602617,649660,928588,963357,1035612],[1.0,1.0,1.0,1.0,1.0,1.0,1.0,1.0,1.0,1.0,1.0,1.0,1.0])","(1048576,[53252,110232,163296,193411,379017,448402,453853,490295,602617,649660,928588,963357,1035612],[3.90197266957,3.90197266957,3.90197266957,3.90197266957,3.90197266957,3.90197266957,3.90197266957,3.90197266957,3.90197266957,2.80336038091,3.90197266957,3.90197266957,1.95606252052])",6
58,"I'm at The Lazy Pig BBQ &amp; Catering in Triangle, VA https://t.co/RZqJG4ML13",0,"[-77.334747, 38.545773]","[""i'm"", 'at', 'the', 'lazy', 'pig', 'bbq', '&amp;', 'catering', 'in', 'triangle,', 'va', 'https://t.co/rzqjg4ml13']","['lazy', 'pig', 'bbq', '&amp;', 'catering', 'triangle,', 'va', 'https://t.co/rzqjg4ml13']","(1048576,[50285,133749,313648,489774,675945,686991,737310,809240],[1.0,1.0,1.0,1.0,1.0,1.0,1.0,1.0])","(1048576,[50285,133749,313648,489774,675945,686991,737310,809240],[3.90197266957,3.90197266957,3.90197266957,2.9856819377,3.90197266957,3.90197266957,3.49650756147,3.90197266957])",6
59,"I recently updated a 2 year vision for myself, along with goals and behaviors. Yesterday I found myself in the midd… https://t.co/7Svg4MEzPS",0,"[-93.56638889, 44.90333333]","['i', 'recently', 'updated', 'a', '2', 'year', 'vision', 'for', 'myself,', 'along', 'with', 'goals', 'and', 'behaviors.', 'yesterday', 'i', 'found', 'myself', 'in', 'the', 'midd…', 'https://t.co/7svg4mezps']","['recently', 'updated', '2', 'year', 'vision', 'myself,', 'along', 'goals', 'behaviors.', 'yesterday', 'found', 'midd…', 'https://t.co/7svg4mezps']","(1048576,[10562,81924,319399,455419,483459,531069,551090,649299,681244,756034,816480,911075,998485],[1.0,1.0,1.0,1.0,1.0,1.0,1.0,1.0,1.0,1.0,1.0,1.0,1.0])","(1048576,[10562,81924,319399,455419,483459,531069,551090,649299,681244,756034,816480,911075,998485],[3.90197266957,3.90197266957,3.90197266957,3.90197266957,3.90197266957,3.90197266957,3.90197266957,3.90197266957,3.90197266957,3.90197266957,3.90197266957,3.90197266957,3.49650756147])",6
60,"2nd session (scroll for previous session...she heals AMAZING!!!) on this sparrow, dogwood flowers, and birth flower… https://t.co/GOxW0bfzzz",0,"[-82.47221, 34.78014]","['2nd', 'session', '(scroll', 'for', 'previous', 'session...she', 'heals', 'amazing!!!)', 'on', 'this', 'sparrow,', 'dogwood', 'flowers,', 'and', 'birth', 'flower…', 'https://t.co/goxw0bfzzz']","['2nd', 'session', '(scroll', 'previous', 'session...she', 'heals', 'amazing!!!)', 'sparrow,', 'dogwood', 'flowers,', 'birth', 'flower…', 'https://t.co/goxw0bfzzz']","(1048576,[140271,183485,209587,300909,313076,322213,323076,462067,686574,760568,796109,842847,867323],[1.0,1.0,1.0,1.0,1.0,1.0,1.0,1.0,1.0,1.0,1.0,1.0,1.0])","(1048576,[140271,183485,209587,300909,313076,322213,323076,462067,686574,760568,796109,842847,867323],[3.90197266957,3.90197266957,3.90197266957,3.90197266957,3.90197266957,3.90197266957,3.90197266957,3.90197266957,3.90197266957,3.90197266957,3.90197266957,3.90197266957,3.90197266957])",6
61,"I'm at Glenside, PA in PA https://t.co/43kcDOukKM",0,"[-75.15134295, 40.10008264]","[""i'm"", 'at', 'glenside,', 'pa', 'in', 'pa', 'https://t.co/43kcdoukkm']","['glenside,', 'pa', 'pa', 'https://t.co/43kcdoukkm']","(1048576,[247009,285191,794766],[2.0,1.0,1.0])","(1048576,[247009,285191,794766],[7.80394533915,3.90197266957,3.90197266957])",3
62,Is Art School Only for the Young?  https://t.co/qcMsY82HhA,0,"[-74.0007613, 40.7207559]","['is', 'art', 'school', 'only', 'for', 'the', 'young?', '', 'https://t.co/qcmsy82hha']","['art', 'school', 'young?', '', 'https://t.co/qcmsy82hha']","(1048576,[586943,635200,771158,893163,1035612],[1.0,1.0,1.0,1.0,1.0])","(1048576,[586943,635200,771158,893163,1035612],[3.90197266957,3.90197266957,3.90197266957,3.90197266957,1.95606252052])",6
63,Whistler's Newest Products (CE Week 2018)  https://t.co/Yx88jO2rtZ,0,"[-74.0007613, 40.7207559]","[""whistler's"", 'newest', 'products', '(ce', 'week', '2018)', '', 'https://t.co/yx88jo2rtz']","[""whistler's"", 'newest', 'products', '(ce', 'week', '2018)', '', 'https://t.co/yx88jo2rtz']","(1048576,[147937,226359,237319,336462,459090,524391,562518,1035612],[1.0,1.0,1.0,1.0,1.0,1.0,1.0,1.0])","(1048576,[147937,226359,237319,336462,459090,524391,562518,1035612],[3.90197266957,3.90197266957,3.90197266957,3.90197266957,3.20882548901,3.90197266957,3.90197266957,1.95606252052])",4
64,"Beyond Roe, Bork and Trump: Can Americans find a way to discuss hot moral issues?  https://t.co/CanYVbnspo",0,"[-76.6121893, 39.2903848]","['beyond', 'roe,', 'bork', 'and', 'trump:', 'can', 'americans', 'find', 'a', 'way', 'to', 'discuss', 'hot', 'moral', 'issues?', '', 'https://t.co/canyvbnspo']","['beyond', 'roe,', 'bork', 'trump:', 'americans', 'find', 'way', 'discuss', 'hot', 'moral', 'issues?', '', 'https://t.co/canyvbnspo']","(1048576,[223935,403874,461399,585544,590226,616166,828775,888699,897950,919886,923585,1035612,1045212],[1.0,1.0,1.0,1.0,1.0,1.0,1.0,1.0,1.0,1.0,1.0,1.0,1.0])","(1048576,[223935,403874,461399,585544,590226,616166,828775,888699,897950,919886,923585,1035612,1045212],[3.49650756147,3.49650756147,3.49650756147,3.49650756147,3.49650756147,3.49650756147,3.49650756147,3.49650756147,3.90197266957,3.49650756147,3.49650756147,1.95606252052,3.49650756147])",6
65,#iufb #Hoosiers #IUnit19 Recapping the Wild Month of June of IU Football Recruiting  https://t.co/eGWsdUG2n7,0,"[-86.1498213, 39.7683024]","['#iufb', '#hoosiers', '#iunit19', 'recapping', 'the', 'wild', 'month', 'of', 'june', 'of', 'iu', 'football', 'recruiting', '', 'https://t.co/egwsdug2n7']","['#iufb', '#hoosiers', '#iunit19', 'recapping', 'wild', 'month', 'june', 'iu', 'football', 'recruiting', '', 'https://t.co/egwsdug2n7']","(1048576,[202882,364678,398771,530513,599393,630928,650656,676563,679120,755348,767382,1035612],[1.0,1.0,1.0,1.0,1.0,1.0,1.0,1.0,1.0,1.0,1.0,1.0])","(1048576,[202882,364678,398771,530513,599393,630928,650656,676563,679120,755348,767382,1035612],[3.90197266957,3.49650756147,3.90197266957,3.90197266957,3.90197266957,3.90197266957,3.90197266957,3.90197266957,3.90197266957,3.90197266957,3.49650756147,1.95606252052])",6
66,"Beyond Roe, Bork and Trump: Can Americans find a way to discuss hot moral issues?  https://t.co/rQYP9ScXe5",0,"[-76.6121893, 39.2903848]","['beyond', 'roe,', 'bork', 'and', 'trump:', 'can', 'americans', 'find', 'a', 'way', 'to', 'discuss', 'hot', 'moral', 'issues?', '', 'https://t.co/rqyp9scxe5']","['beyond', 'roe,', 'bork', 'trump:', 'americans', 'find', 'way', 'discuss', 'hot', 'moral', 'issues?', '', 'https://t.co/rqyp9scxe5']","(1048576,[223935,403874,461399,585544,590226,616166,771115,828775,888699,919886,923585,1035612,1045212],[1.0,1.0,1.0,1.0,1.0,1.0,1.0,1.0,1.0,1.0,1.0,1.0,1.0])","(1048576,[223935,403874,461399,585544,590226,616166,771115,828775,888699,919886,923585,1035612,1045212],[3.49650756147,3.49650756147,3.49650756147,3.49650756147,3.49650756147,3.49650756147,3.90197266957,3.49650756147,3.49650756147,3.49650756147,3.49650756147,1.95606252052,3.49650756147])",6
67,"I'm at Welwyn preserve in Glen Cove, NY https://t.co/XUz1emGZVC",0,"[-73.6418674, 40.88402766]","[""i'm"", 'at', 'welwyn', 'preserve', 'in', 'glen', 'cove,', 'ny', 'https://t.co/xuz1emgzvc']","['welwyn', 'preserve', 'glen', 'cove,', 'ny', 'https://t.co/xuz1emgzvc']","(1048576,[123358,207222,350518,484438,532377,1007758],[1.0,1.0,1.0,1.0,1.0,1.0])","(1048576,[123358,207222,350518,484438,532377,1007758],[3.90197266957,3.90197266957,3.90197266957,3.49650756147,3.90197266957,3.90197266957])",6
68,"I’m in control of my destiny, never in doubt?????? #HappyCashDayMontana @ Union EAV https://t.co/T2t41y5E9h",0,"[-84.34635779, 33.74078133]","['i’m', 'in', 'control', 'of', 'my', 'destiny,', 'never', 'in', 'doubt??\u200d???', '#happycashdaymontana', '@', 'union', 'eav', 'https://t.co/t2t41y5e9h']","['i’m', 'control', 'destiny,', 'never', 'doubt??\u200d???', '#happycashdaymontana', '@', 'union', 'eav', 'https://t.co/t2t41y5e9h']","(1048576,[235606,248482,266986,277042,285647,366768,593730,770094,907237,916191],[1.0,1.0,1.0,1.0,1.0,1.0,1.0,1.0,1.0,1.0])","(1048576,[235606,248482,266986,277042,285647,366768,593730,770094,907237,916191],[2.9856819377,3.90197266957,3.90197266957,3.90197266957,3.90197266957,3.90197266957,1.55059741241,3.90197266957,3.90197266957,3.90197266957])",6
69,After You March  https://t.co/ETwfpA7CtB,0,"[-74.02101734, 40.72817129]","['after', 'you', 'march', '', 'https://t.co/etwfpa7ctb']","['march', '', 'https://t.co/etwfpa7ctb']","(1048576,[103931,191774,1035612],[1.0,1.0,1.0])","(1048576,[103931,191774,1035612],[3.90197266957,3.90197266957,1.95606252052])",6
70,"Congrats Ho. Can u break a £? @ Los Angeles, California https://t.co/OqdhaPNFuZ",0,"[-118.243, 34.0522]","['congrats', 'ho.', 'can', 'u', 'break', 'a', '£?', '@', 'los', 'angeles,', 'california', 'https://t.co/oqdhapnfuz']","['congrats', 'ho.', 'u', 'break', '£?', '@', 'los', 'angeles,', 'california', 'https://t.co/oqdhapnfuz']","(1048576,[129837,211926,226972,522669,593730,623218,667651,834064,1001508,1027645],[1.0,1.0,1.0,1.0,1.0,1.0,1.0,1.0,1.0,1.0])","(1048576,[129837,211926,226972,522669,593730,623218,667651,834064,1001508,1027645],[3.90197266957,3.49650756147,3.90197266957,3.90197266957,1.55059741241,3.90197266957,3.90197266957,3.90197266957,3.90197266957,3.90197266957])",6
71,"See our latest #SanFrancisco, CA #job and click to apply: Front End Software Engineer - https://t.co/xTBdxyA94C #Engineering #Hiring",0,"[-122.4194155, 37.7749295]","['see', 'our', 'latest', '#sanfrancisco,', 'ca', '#job', 'and', 'click', 'to', 'apply:', 'front', 'end', 'software', 'engineer', '-', 'https://t.co/xtbdxya94c', '#engineering', '#hiring']","['see', 'latest', '#sanfrancisco,', 'ca', '#job', 'click', 'apply:', 'front', 'end', 'software', 'engineer', '-', 'https://t.co/xtbdxya94c', '#engineering', '#hiring']","(1048576,[91889,122254,215995,387613,398402,569819,642217,669737,695983,770186,853019,909501,909906,1031255,1041788],[1.0,1.0,1.0,1.0,1.0,1.0,1.0,1.0,1.0,1.0,1.0,1.0,1.0,1.0,1.0])","(1048576,[91889,122254,215995,387613,398402,569819,642217,669737,695983,770186,853019,909501,909906,1031255,1041788],[3.90197266957,2.64920970108,3.49650756147,3.90197266957,3.90197266957,2.64920970108,3.90197266957,3.90197266957,2.51567830845,2.9856819377,3.90197266957,3.90197266957,3.90197266957,3.90197266957,3.90197266957])",6
72,"BIG SHOTS RALEIGH INVITATIONAL TOURNAMENT 2  (Raleigh, NC | 17U-9U Boys &amp; Girls) ~ 12U Boys ~ Raising Young Men def… https://t.co/Fd1s2afdgI",0,"[-78.9281602, 35.9847295]","['big', 'shots', 'raleigh', 'invitational', 'tournament', '2', '', '(raleigh,', 'nc', '|', '17u-9u', 'boys', '&amp;', 'girls)', '~', '12u', 'boys', '~', 'raising', 'young', 'men', 'def…', 'https://t.co/fd1s2afdgi']","['big', 'shots', 'raleigh', 'invitational', 'tournament', '2', '', '(raleigh,', 'nc', '|', '17u-9u', 'boys', '&amp;', 'girls)', '~', '12u', 'boys', '~', 'raising', 'young', 'men', 'def…', 'https://t.co/fd1s2afdgi']","(1048576,[96717,105620,122864,259626,267978,292150,469516,479493,654601,723032,737310,814846,821947,866308,881299,889814,936396,998485,1004100,1020712,1035612],[1.0,1.0,1.0,1.0,1.0,1.0,1.0,1.0,1.0,1.0,1.0,1.0,1.0,2.0,1.0,1.0,1.0,1.0,2.0,1.0,1.0])","(1048576,[96717,105620,122864,259626,267978,292150,469516,479493,654601,723032,737310,814846,821947,866308,881299,889814,936396,998485,1004100,1020712,1035612],[3.90197266957,3.90197266957,3.90197266957,3.90197266957,3.90197266957,3.49650756147,3.90197266957,3.90197266957,3.90197266957,3.90197266957,3.49650756147,3.90197266957,3.90197266957,7.80394533915,3.90197266957,3.90197266957,3.90197266957,3.49650756147,7.80394533915,3.90197266957,1.95606252052])",6
73,Just posted a photo @ Central Park https://t.co/q9vUTPQlzi,0,"[-73.972216, 40.77274259]","['just', 'posted', 'a', 'photo', '@', 'central', 'park', 'https://t.co/q9vutpqlzi']","['posted', 'photo', '@', 'central', 'park', 'https://t.co/q9vutpqlzi']","(1048576,[9103,101479,333970,348957,593730,731790],[1.0,1.0,1.0,1.0,1.0,1.0])","(1048576,[9103,101479,333970,348957,593730,731790],[3.49650756147,3.90197266957,3.90197266957,3.49650756147,1.55059741241,3.90197266957])",6
74,Kudos to this Merrillville Police Department officer for patrolling the Erie-Lackawanna Trail this morning during t… https://t.co/4MmBheNPi9,0,"[-87.33410418, 41.42287037]","['kudos', 'to', 'this', 'merrillville', 'police', 'department', 'officer', 'for', 'patrolling', 'the', 'erie-lackawanna', 'trail', 'this', 'morning', 'during', 't…', 'https://t.co/4mmbhenpi9']","['kudos', 'merrillville', 'police', 'department', 'officer', 'patrolling', 'erie-lackawanna', 'trail', 'morning', 't…', 'https://t.co/4mmbhenpi9']","(1048576,[79613,134169,418496,495496,500436,514516,536239,650071,784620,884129,1017066],[1.0,1.0,1.0,1.0,1.0,1.0,1.0,1.0,1.0,1.0,1.0])","(1048576,[79613,134169,418496,495496,500436,514516,536239,650071,784620,884129,1017066],[3.90197266957,3.90197266957,3.90197266957,3.90197266957,3.90197266957,3.90197266957,3.49650756147,3.90197266957,3.90197266957,3.90197266957,3.90197266957])",6
75,Chandler AZ Sat Jun 30th AM Forecast: TODAY Mostly Sunny Hi 80 TONIGHT Mostly Clear Lo 53,0,"[-111.8671, 33.324]","['chandler', 'az', 'sat', 'jun', '30th', 'am', 'forecast:', 'today', 'mostly', 'sunny', 'hi', '80', 'tonight', 'mostly', 'clear', 'lo', '53']","['chandler', 'az', 'sat', 'jun', '30th', 'forecast:', 'today', 'mostly', 'sunny', 'hi', '80', 'tonight', 'mostly', 'clear', 'lo', '53']","(1048576,[35492,93917,181095,275772,311014,311448,406038,482871,665108,746392,823797,859990,885029,908543,921265],[1.0,1.0,1.0,2.0,1.0,1.0,1.0,1.0,1.0,1.0,1.0,1.0,1.0,1.0,1.0])","(1048576,[35492,93917,181095,275772,311014,311448,406038,482871,665108,746392,823797,859990,885029,908543,921265],[2.64920970108,2.29253475714,2.3978952728,5.60672076181,2.3978952728,2.3978952728,2.11021320035,2.3978952728,2.3978952728,2.80336038091,2.3978952728,2.64920970108,3.90197266957,2.80336038091,2.3978952728])",7
76,RT @MelaninUnicornn: RT @Brenda_hadiah: Y’all please I’m begging retweet be on the lookout she only 15 call one of… https://t.co/vx8ACfkWXT,0,"[-83.742734, 30.8948088]","['rt', '@melaninunicornn:', 'rt', '@brenda_hadiah:', 'y’all', 'please', 'i’m', 'begging', 'retweet', 'be', 'on', 'the', 'lookout', 'she', 'only', '15', 'call', 'one', 'of…', 'https://t.co/vx8acfkwxt']","['rt', '@melaninunicornn:', 'rt', '@brenda_hadiah:', 'y’all', 'please', 'i’m', 'begging', 'retweet', 'lookout', '15', 'call', 'one', 'of…', 'https://t.co/vx8acfkwxt']","(1048576,[26604,133037,206255,235606,248305,420774,513503,632617,649660,842957,896138,897736,966026,1017353],[1.0,1.0,1.0,1.0,2.0,1.0,1.0,1.0,1.0,1.0,1.0,1.0,1.0,1.0])","(1048576,[26604,133037,206255,235606,248305,420774,513503,632617,649660,842957,896138,897736,966026,1017353],[3.49650756147,3.49650756147,3.49650756147,2.9856819377,6.41765097803,3.49650756147,3.49650756147,3.49650756147,2.80336038091,3.49650756147,3.49650756147,3.90197266957,3.49650756147,3.49650756147])",6
77,"MED - MEDICAL at 10600 BLOCK OF SE CLAY ST, PORTLAND, OR [Portland Fire #RP18000051905] 05:38 #pdx911",0,"[-122.553717, 45.513846]","['med', '-', 'medical', 'at', '10600', 'block', 'of', 'se', 'clay', 'st,', 'portland,', 'or', '[portland', 'fire', '#rp18000051905]', '05:38', '#pdx911']","['med', '-', 'medical', '10600', 'block', 'se', 'clay', 'st,', 'portland,', '[portland', 'fire', '#rp18000051905]', '05:38', '#pdx911']","(1048576,[58385,243998,383761,569819,580195,591411,616087,702222,766806,770706,825152,858643,914759,933621],[1.0,1.0,1.0,1.0,1.0,1.0,1.0,1.0,1.0,1.0,1.0,1.0,1.0,1.0])","(1048576,[58385,243998,383761,569819,580195,591411,616087,702222,766806,770706,825152,858643,914759,933621],[3.90197266957,3.90197266957,3.49650756147,2.64920970108,3.49650756147,3.49650756147,3.49650756147,3.90197266957,3.90197266957,3.90197266957,3.90197266957,3.90197266957,3.49650756147,3.90197266957])",6
78,RT @MelaninUnicornn: RT @Brenda_hadiah: Y’all please I’m begging retweet be on the lookout she only 15 call one of… https://t.co/umcaGqg51t,0,"[-83.742734, 30.8948088]","['rt', '@melaninunicornn:', 'rt', '@brenda_hadiah:', 'y’all', 'please', 'i’m', 'begging', 'retweet', 'be', 'on', 'the', 'lookout', 'she', 'only', '15', 'call', 'one', 'of…', 'https://t.co/umcagqg51t']","['rt', '@melaninunicornn:', 'rt', '@brenda_hadiah:', 'y’all', 'please', 'i’m', 'begging', 'retweet', 'lookout', '15', 'call', 'one', 'of…', 'https://t.co/umcagqg51t']","(1048576,[26604,133037,206255,235606,248305,420774,513503,632617,649660,842957,896138,966026,995821,1017353],[1.0,1.0,1.0,1.0,2.0,1.0,1.0,1.0,1.0,1.0,1.0,1.0,1.0,1.0])","(1048576,[26604,133037,206255,235606,248305,420774,513503,632617,649660,842957,896138,966026,995821,1017353],[3.49650756147,3.49650756147,3.49650756147,2.9856819377,6.41765097803,3.49650756147,3.49650756147,3.49650756147,2.80336038091,3.49650756147,3.49650756147,3.49650756147,3.90197266957,3.49650756147])",6
79,"If you're looking for work in #Worcester, MA, check out this #job: https://t.co/kaUgecCtMA #Healthcare #Hiring #CareerArc",0,"[-71.7588217, 42.2717443]","['if', ""you're"", 'looking', 'for', 'work', 'in', '#worcester,', 'ma,', 'check', 'out', 'this', '#job:', 'https://t.co/kaugecctma', '#healthcare', '#hiring', '#careerarc']","['looking', 'work', '#worcester,', 'ma,', 'check', '#job:', 'https://t.co/kaugecctma', '#healthcare', '#hiring', '#careerarc']","(1048576,[309997,316962,546607,558955,695983,820775,882349,981392,991355,1006010],[1.0,1.0,1.0,1.0,1.0,1.0,1.0,1.0,1.0,1.0])","(1048576,[309997,316962,546607,558955,695983,820775,882349,981392,991355,1006010],[3.49650756147,3.90197266957,2.64920970108,3.49650756147,2.51567830845,3.20882548901,3.90197266957,3.90197266957,3.20882548901,3.20882548901])",6
80,Flagstaff AZ Sat Jun 30th AM Forecast: TODAY Sunny Hi 82 TONIGHT Clear Lo 50,0,"[-111.6603, 35.1888]","['flagstaff', 'az', 'sat', 'jun', '30th', 'am', 'forecast:', 'today', 'sunny', 'hi', '82', 'tonight', 'clear', 'lo', '50']","['flagstaff', 'az', 'sat', 'jun', '30th', 'forecast:', 'today', 'sunny', 'hi', '82', 'tonight', 'clear', 'lo', '50']","(1048576,[35492,46979,93917,181095,311014,311448,389148,406038,482871,503811,665108,823797,859990,921265],[1.0,1.0,1.0,1.0,1.0,1.0,1.0,1.0,1.0,1.0,1.0,1.0,1.0,1.0])","(1048576,[35492,46979,93917,181095,311014,311448,389148,406038,482871,503811,665108,823797,859990,921265],[2.64920970108,3.90197266957,2.29253475714,2.3978952728,2.3978952728,2.3978952728,3.90197266957,2.11021320035,2.3978952728,3.90197266957,2.3978952728,2.3978952728,2.64920970108,2.3978952728])",5
81,"“I am American, American, Red, White, and Blue”. Bristol Half Marathon complete! This is one of my favorite races o… https://t.co/3Uks7Dgd0p",0,"[-71.2687, 41.6842]","['“i', 'am', 'american,', 'american,', 'red,', 'white,', 'and', 'blue”.', 'bristol', 'half', 'marathon', 'complete!', 'this', 'is', 'one', 'of', 'my', 'favorite', 'races', 'o…', 'https://t.co/3uks7dgd0p']","['“i', 'american,', 'american,', 'red,', 'white,', 'blue”.', 'bristol', 'half', 'marathon', 'complete!', 'one', 'favorite', 'races', 'o…', 'https://t.co/3uks7dgd0p']","(1048576,[17252,36217,126067,133672,402580,421378,523288,649660,716749,848814,880287,912315,963004,998035],[1.0,1.0,1.0,1.0,1.0,1.0,1.0,1.0,1.0,1.0,1.0,2.0,1.0,1.0])","(1048576,[17252,36217,126067,133672,402580,421378,523288,649660,716749,848814,880287,912315,963004,998035],[3.90197266957,3.90197266957,3.90197266957,3.90197266957,3.90197266957,3.90197266957,3.90197266957,2.80336038091,3.90197266957,3.90197266957,3.90197266957,7.80394533915,3.90197266957,3.90197266957])",6
82,Glendale AZ Sat Jun 30th AM Forecast: TODAY Mostly Sunny Hi 80 TONIGHT Mostly Clear Lo 53,0,"[-112.1772, 33.5314]","['glendale', 'az', 'sat', 'jun', '30th', 'am', 'forecast:', 'today', 'mostly', 'sunny', 'hi', '80', 'tonight', 'mostly', 'clear', 'lo', '53']","['glendale', 'az', 'sat', 'jun', '30th', 'forecast:', 'today', 'mostly', 'sunny', 'hi', '80', 'tonight', 'mostly', 'clear', 'lo', '53']","(1048576,[35492,93917,181095,275772,311014,311448,406038,450397,482871,665108,746392,823797,859990,908543,921265],[1.0,1.0,1.0,2.0,1.0,1.0,1.0,1.0,1.0,1.0,1.0,1.0,1.0,1.0,1.0])","(1048576,[35492,93917,181095,275772,311014,311448,406038,450397,482871,665108,746392,823797,859990,908543,921265],[2.64920970108,2.29253475714,2.3978952728,5.60672076181,2.3978952728,2.3978952728,2.11021320035,3.90197266957,2.3978952728,2.3978952728,2.80336038091,2.3978952728,2.64920970108,2.80336038091,2.3978952728])",7
83,Morning! ???? @ Swaying Pines https://t.co/MrA22UAROZ,0,"[-79.99410716, 44.55351048]","['morning!', '????', '@', 'swaying', 'pines', 'https://t.co/mra22uaroz']","['morning!', '????', '@', 'swaying', 'pines', 'https://t.co/mra22uaroz']","(1048576,[44574,173483,593730,613029,630772,851660],[1.0,1.0,1.0,1.0,1.0,1.0])","(1048576,[44574,173483,593730,613029,630772,851660],[3.90197266957,3.90197266957,1.55059741241,3.90197266957,3.90197266957,3.90197266957])",6
84,"GASINV - NATURAL GAS ODOR OR INVESTIGATION at 2200 BLOCK OF NE MARINE DR, PORTLAND, OR [Portland Fire #RP18000051911] 06:38 #pdx911",0,"[-122.642535, 45.599682]","['gasinv', '-', 'natural', 'gas', 'odor', 'or', 'investigation', 'at', '2200', 'block', 'of', 'ne', 'marine', 'dr,', 'portland,', 'or', '[portland', 'fire', '#rp18000051911]', '06:38', '#pdx911']","['gasinv', '-', 'natural', 'gas', 'odor', 'investigation', '2200', 'block', 'ne', 'marine', 'dr,', 'portland,', '[portland', 'fire', '#rp18000051911]', '06:38', '#pdx911']","(1048576,[91722,168958,185140,224927,321410,383761,569819,580195,591411,616087,720578,756113,774123,914759,988541,1023384,1032113],[1.0,1.0,1.0,1.0,1.0,1.0,1.0,1.0,1.0,1.0,1.0,1.0,1.0,1.0,1.0,1.0,1.0])","(1048576,[91722,168958,185140,224927,321410,383761,569819,580195,591411,616087,720578,756113,774123,914759,988541,1023384,1032113],[3.90197266957,3.90197266957,3.90197266957,3.90197266957,3.90197266957,3.49650756147,2.64920970108,3.49650756147,3.49650756147,3.49650756147,3.90197266957,3.90197266957,3.90197266957,3.49650756147,3.90197266957,3.90197266957,3.90197266957])",6
85,Kino AZ Sat Jun 30th AM Forecast: TODAY Partly Cloudy Hi 84 TONIGHT Partly Cloudy Lo 57,0,"[-110.9936, 32.2724]","['kino', 'az', 'sat', 'jun', '30th', 'am', 'forecast:', 'today', 'partly', 'cloudy', 'hi', '84', 'tonight', 'partly', 'cloudy', 'lo', '57']","['kino', 'az', 'sat', 'jun', '30th', 'forecast:', 'today', 'partly', 'cloudy', 'hi', '84', 'tonight', 'partly', 'cloudy', 'lo', '57']","(1048576,[24269,74823,93917,104268,181095,311014,311448,389258,406038,482871,665108,823797,857840,921265],[2.0,1.0,1.0,1.0,1.0,1.0,1.0,1.0,1.0,1.0,1.0,1.0,2.0,1.0])","(1048576,[24269,74823,93917,104268,181095,311014,311448,389258,406038,482871,665108,823797,857840,921265],[6.99301512293,3.49650756147,2.29253475714,3.49650756147,2.3978952728,2.3978952728,2.3978952728,3.90197266957,2.11021320035,2.3978952728,2.3978952728,2.3978952728,6.99301512293,2.3978952728])",5
86,"Feeling better; I love me; no doctors needed; reslience!!! #googlethat whooooo #KING @ Jamaica, New York https://t.co/ky9CXqNIOj",0,"[-73.8061, 40.6914]","['feeling', 'better;', 'i', 'love', 'me;', 'no', 'doctors', 'needed;', 'reslience!!!', '#googlethat', 'whooooo', '#king', '@', 'jamaica,', 'new', 'york', 'https://t.co/ky9cxqnioj']","['feeling', 'better;', 'love', 'me;', 'doctors', 'needed;', 'reslience!!!', '#googlethat', 'whooooo', '#king', '@', 'jamaica,', 'new', 'york', 'https://t.co/ky9cxqnioj']","(1048576,[29945,68452,145123,307766,409682,443246,470391,470424,593730,658626,746533,746776,811432,942629,972912],[1.0,1.0,1.0,1.0,1.0,1.0,1.0,1.0,1.0,1.0,1.0,1.0,1.0,1.0,1.0])","(1048576,[29945,68452,145123,307766,409682,443246,470391,470424,593730,658626,746533,746776,811432,942629,972912],[3.20882548901,3.90197266957,3.49650756147,3.90197266957,3.90197266957,3.90197266957,3.90197266957,3.90197266957,1.55059741241,3.49650756147,3.90197266957,3.90197266957,3.49650756147,3.90197266957,3.49650756147])",6
87,#needthese #season7 I need to finally get picked for a damn raffle ? @ Bushwick Junction https://t.co/rp1j45t3aR,0,"[-73.9086, 40.7153]","['#needthese', '#season7', 'i', 'need', 'to', 'finally', 'get', 'picked', 'for', 'a', 'damn', 'raffle', '?', '@', 'bushwick', 'junction', 'https://t.co/rp1j45t3ar']","['#needthese', '#season7', 'need', 'finally', 'get', 'picked', 'damn', 'raffle', '?', '@', 'bushwick', 'junction', 'https://t.co/rp1j45t3ar']","(1048576,[6183,66742,78295,108973,362039,364742,458641,498303,582887,593730,622430,767126,869593],[1.0,1.0,1.0,1.0,1.0,1.0,1.0,1.0,1.0,1.0,1.0,1.0,1.0])","(1048576,[6183,66742,78295,108973,362039,364742,458641,498303,582887,593730,622430,767126,869593],[3.90197266957,3.90197266957,3.90197266957,3.90197266957,3.90197266957,3.90197266957,3.90197266957,3.90197266957,3.90197266957,1.55059741241,3.90197266957,3.90197266957,3.90197266957])",1
88,Met americannightmarecody at a local Dennys after the show. He was delightful! ringofhonor @ Denny's https://t.co/MbQkasMEip,0,"[-76.71188912, 39.16052539]","['met', 'americannightmarecody', 'at', 'a', 'local', 'dennys', 'after', 'the', 'show.', 'he', 'was', 'delightful!', 'ringofhonor', '@', ""denny's"", 'https://t.co/mbqkasmeip']","['met', 'americannightmarecody', 'local', 'dennys', 'show.', 'delightful!', 'ringofhonor', '@', ""denny's"", 'https://t.co/mbqkasmeip']","(1048576,[78812,83693,274619,284650,560847,593730,626390,907338,959192,966297],[1.0,1.0,1.0,1.0,1.0,1.0,1.0,1.0,1.0,1.0])","(1048576,[78812,83693,274619,284650,560847,593730,626390,907338,959192,966297],[3.90197266957,3.90197266957,3.90197266957,3.90197266957,3.90197266957,1.55059741241,3.90197266957,3.90197266957,3.49650756147,3.90197266957])",6
89,Mesa AZ Sat Jun 30th AM Forecast: TODAY Mostly Sunny Hi 80 TONIGHT Mostly Clear Lo 53,0,"[-111.8483, 33.434]","['mesa', 'az', 'sat', 'jun', '30th', 'am', 'forecast:', 'today', 'mostly', 'sunny', 'hi', '80', 'tonight', 'mostly', 'clear', 'lo', '53']","['mesa', 'az', 'sat', 'jun', '30th', 'forecast:', 'today', 'mostly', 'sunny', 'hi', '80', 'tonight', 'mostly', 'clear', 'lo', '53']","(1048576,[35492,93917,181095,275772,311014,311448,406038,482871,665108,746392,823797,859990,872722,908543,921265],[1.0,1.0,1.0,2.0,1.0,1.0,1.0,1.0,1.0,1.0,1.0,1.0,1.0,1.0,1.0])","(1048576,[35492,93917,181095,275772,311014,311448,406038,482871,665108,746392,823797,859990,872722,908543,921265],[2.64920970108,2.29253475714,2.3978952728,5.60672076181,2.3978952728,2.3978952728,2.11021320035,2.3978952728,2.3978952728,2.80336038091,2.3978952728,2.64920970108,3.90197266957,2.80336038091,2.3978952728])",7
90,"Can you recommend anyone for this #job in #Springfield, MO? https://t.co/wWY9KNsUeU #Neurology #Hiring #CareerArc",0,"[-93.2922989, 37.2089572]","['can', 'you', 'recommend', 'anyone', 'for', 'this', '#job', 'in', '#springfield,', 'mo?', 'https://t.co/wwy9knsueu', '#neurology', '#hiring', '#careerarc']","['recommend', 'anyone', '#job', '#springfield,', 'mo?', 'https://t.co/wwy9knsueu', '#neurology', '#hiring', '#careerarc']","(1048576,[122254,129613,138193,295620,546607,616689,695983,703283,942620],[1.0,1.0,1.0,1.0,1.0,1.0,1.0,1.0,1.0])","(1048576,[122254,129613,138193,295620,546607,616689,695983,703283,942620],[2.64920970108,3.20882548901,3.20882548901,3.90197266957,2.64920970108,3.90197266957,2.51567830845,3.90197266957,3.90197266957])",6
91,Somebody paid for this.  It exists.  I am sad. #parkingatpasteiners #carsandcoffee #corvette #tasteless #gross @ Pa… https://t.co/M1CEmfbRCG,0,"[-83.20025346, 42.53280033]","['somebody', 'paid', 'for', 'this.', '', 'it', 'exists.', '', 'i', 'am', 'sad.', '#parkingatpasteiners', '#carsandcoffee', '#corvette', '#tasteless', '#gross', '@', 'pa…', 'https://t.co/m1cemfbrcg']","['somebody', 'paid', 'this.', '', 'exists.', '', 'sad.', '#parkingatpasteiners', '#carsandcoffee', '#corvette', '#tasteless', '#gross', '@', 'pa…', 'https://t.co/m1cemfbrcg']","(1048576,[71858,152065,368579,409400,422810,593730,717503,768383,867081,954343,956625,961845,1005314,1035612],[1.0,1.0,1.0,1.0,1.0,1.0,1.0,1.0,1.0,1.0,1.0,1.0,1.0,2.0])","(1048576,[71858,152065,368579,409400,422810,593730,717503,768383,867081,954343,956625,961845,1005314,1035612],[3.90197266957,3.90197266957,3.90197266957,3.90197266957,3.90197266957,1.55059741241,3.90197266957,3.90197266957,3.90197266957,3.90197266957,3.90197266957,3.90197266957,3.90197266957,3.91212504104])",6
92,Today @silverlakeflea #silverlakeflea anberccandles from 12-5 #handmadecandles #madeinla #madeinlosangeles #Repost… https://t.co/zn68WW5y6n,0,"[-118.27582489, 34.08840016]","['today', '@silverlakeflea', '#silverlakeflea', 'anberccandles', 'from', '12-5', '#handmadecandles', '#madeinla', '#madeinlosangeles', '#repost…', 'https://t.co/zn68ww5y6n']","['today', '@silverlakeflea', '#silverlakeflea', 'anberccandles', '12-5', '#handmadecandles', '#madeinla', '#madeinlosangeles', '#repost…', 'https://t.co/zn68ww5y6n']","(1048576,[39775,222343,316813,362988,406038,406575,441972,454831,552916,908818],[1.0,1.0,1.0,1.0,1.0,1.0,1.0,1.0,1.0,1.0])","(1048576,[39775,222343,316813,362988,406038,406575,441972,454831,552916,908818],[3.90197266957,3.90197266957,3.90197266957,3.90197266957,2.11021320035,3.90197266957,3.90197266957,3.90197266957,3.90197266957,3.90197266957])",6
93,"We've got a few spots left… https://t.co/BzSSpYy3L5""",0,"[-96.57934878, 49.88426401]","[""we've"", 'got', 'a', 'few', 'spots', 'left…', 'https://t.co/bzsspyy3l5""']","['got', 'spots', 'left…', 'https://t.co/bzsspyy3l5""']","(1048576,[191261,293607,658349,689209],[1.0,1.0,1.0,1.0])","(1048576,[191261,293607,658349,689209],[3.90197266957,3.90197266957,3.90197266957,3.90197266957])",6
94,Mission AZ Sat Jun 30th AM Forecast: TODAY Partly Cloudy Hi 84 TONIGHT Partly Cloudy Lo 57,0,"[-110.9417, 32.1516]","['mission', 'az', 'sat', 'jun', '30th', 'am', 'forecast:', 'today', 'partly', 'cloudy', 'hi', '84', 'tonight', 'partly', 'cloudy', 'lo', '57']","['mission', 'az', 'sat', 'jun', '30th', 'forecast:', 'today', 'partly', 'cloudy', 'hi', '84', 'tonight', 'partly', 'cloudy', 'lo', '57']","(1048576,[24269,74823,93917,104268,181095,190184,311014,311448,406038,482871,665108,823797,857840,921265],[2.0,1.0,1.0,1.0,1.0,1.0,1.0,1.0,1.0,1.0,1.0,1.0,2.0,1.0])","(1048576,[24269,74823,93917,104268,181095,190184,311014,311448,406038,482871,665108,823797,857840,921265],[6.99301512293,3.49650756147,2.29253475714,3.49650756147,2.3978952728,3.90197266957,2.3978952728,2.3978952728,2.11021320035,2.3978952728,2.3978952728,2.3978952728,6.99301512293,2.3978952728])",5
95,Peoria AZ Sat Jun 30th AM Forecast: TODAY Mostly Sunny Hi 80 TONIGHT Mostly Clear Lo 53,0,"[-112.2595, 33.5735]","['peoria', 'az', 'sat', 'jun', '30th', 'am', 'forecast:', 'today', 'mostly', 'sunny', 'hi', '80', 'tonight', 'mostly', 'clear', 'lo', '53']","['peoria', 'az', 'sat', 'jun', '30th', 'forecast:', 'today', 'mostly', 'sunny', 'hi', '80', 'tonight', 'mostly', 'clear', 'lo', '53']","(1048576,[35492,93917,135808,181095,275772,311014,311448,406038,482871,665108,746392,823797,859990,908543,921265],[1.0,1.0,1.0,1.0,2.0,1.0,1.0,1.0,1.0,1.0,1.0,1.0,1.0,1.0,1.0])","(1048576,[35492,93917,135808,181095,275772,311014,311448,406038,482871,665108,746392,823797,859990,908543,921265],[2.64920970108,2.29253475714,3.49650756147,2.3978952728,5.60672076181,2.3978952728,2.3978952728,2.11021320035,2.3978952728,2.3978952728,2.80336038091,2.3978952728,2.64920970108,2.80336038091,2.3978952728])",7
96,Homemade iced coffee after brushing and skimming the pool this morning.  #refreshingdrink #toohotforthehotstuff… https://t.co/piWaH459Ia,0,"[-75.8123, 39.5278]","['homemade', 'iced', 'coffee', 'after', 'brushing', 'and', 'skimming', 'the', 'pool', 'this', 'morning.', '', '#refreshingdrink', '#toohotforthehotstuff…', 'https://t.co/piwah459ia']","['homemade', 'iced', 'coffee', 'brushing', 'skimming', 'pool', 'morning.', '', '#refreshingdrink', '#toohotforthehotstuff…', 'https://t.co/piwah459ia']","(1048576,[136531,159053,334061,355270,671791,736339,843676,942174,983184,1005396,1035612],[1.0,1.0,1.0,1.0,1.0,1.0,1.0,1.0,1.0,1.0,1.0])","(1048576,[136531,159053,334061,355270,671791,736339,843676,942174,983184,1005396,1035612],[3.90197266957,3.90197266957,3.90197266957,3.90197266957,3.49650756147,3.90197266957,3.90197266957,3.90197266957,3.90197266957,3.90197266957,1.95606252052])",6
97,Phoenix AZ Sat Jun 30th AM Forecast: TODAY Mostly Sunny Hi 80 TONIGHT Mostly Clear Lo 53,0,"[-112.0684, 33.4507]","['phoenix', 'az', 'sat', 'jun', '30th', 'am', 'forecast:', 'today', 'mostly', 'sunny', 'hi', '80', 'tonight', 'mostly', 'clear', 'lo', '53']","['phoenix', 'az', 'sat', 'jun', '30th', 'forecast:', 'today', 'mostly', 'sunny', 'hi', '80', 'tonight', 'mostly', 'clear', 'lo', '53']","(1048576,[35492,93917,181095,275772,311014,311448,406038,482871,665108,746392,823797,859990,908543,921265,927347],[1.0,1.0,1.0,2.0,1.0,1.0,1.0,1.0,1.0,1.0,1.0,1.0,1.0,1.0,1.0])","(1048576,[35492,93917,181095,275772,311014,311448,406038,482871,665108,746392,823797,859990,908543,921265,927347],[2.64920970108,2.29253475714,2.3978952728,5.60672076181,2.3978952728,2.3978952728,2.11021320035,2.3978952728,2.3978952728,2.80336038091,2.3978952728,2.64920970108,2.80336038091,2.3978952728,3.90197266957])",7
