text,label
"Can you recommend anyone for this #job in #Minneapolis, MN? https://t.co/S7ql88L9b6 #BusinessMgmt #Hiring #CareerArc",0
"If you're looking for work in #Memphis, TN, check out this #job: https://t.co/Y7EwJiLrkP #Pharmaceutical #Hiring #CareerArc",0
@sadbutbad You wanted to go to the Midwest,0
"Are you a #healthcare #professional in the #Springfield, IL area? If so, we want to hear from you! One of our clienâ€¦ https://t.co/FfMvqcSjIt",0
@tinycarebot I saw @jonnysun on Seth Meyers and I am fascinated and charmed by you both.,0
So happy to have you here! âœ¨ https://t.co/SPb70ItpOk,0
"Can you recommend anyone for this #job? Inspector - Petroleum - https://t.co/6G1fjaL8QB #QA #Cushing, OK #Hiring #CareerArc",0
"Join the Staff Care team! See our latest #job opening here: https://t.co/oPFNWWjWNS #CRNA #NorthPlatte, NE #Hiring #CareerArc",0
"This #job might be a great fit for you: Hair Stylist - https://t.co/RAH54iFVai #Cosmetology #Omaha, NE #Hiring #CareerArc",0
"Want to work at 24 Seven? We're #hiring in #KansasCity, KS! Click for details: https://t.co/QkZPG4CLdJ #Art #Job #Jobs #CareerArc",0
CWGH@20: Celebrating two decades of Organising People's Power for Health in #Zimbabwe https://t.co/ngr91E27bx,0
@FoxNews You know that most people think you are about the most ignorant SOB on FOX!,0
"Join the UPS team! See our latest #job opening here: https://t.co/9WZ66g2Xfb #Labor #NewOrleans, LA #Hiring #CareerArc",0
"We're #hiring! Read about our latest #job opening here: Content Strategist - https://t.co/DCea8UeLvZ #Writing #Minneapolis, MN #CareerArc",0
"See our latest #Austin, TX #job and click to apply: Teller - https://t.co/furRKR0FLS #Banking #Hiring #CareerArc",0
"Want to work at OHL North America? We're #hiring in #Austin, TX! Click for details: https://t.co/FosNDqhBVrâ€¦ https://t.co/ZY68Fd4NYj",0
"Want to work in #SheboyganFalls, WI? View our latest opening: https://t.co/K9lfOLpVVE #KellyJobs #KellyServicesâ€¦ https://t.co/x9X6FvYfMb",0
"Can you recommend anyone for this #job in #Addison, TX? https://t.co/IVSOBEwhuY #Art #Hiring #CareerArc",0
"We're #hiring! Read about our latest #job opening here: Staff Agile Transformer - https://t.co/m0FnJFELe9 #IT #Milwaukee, WI #CareerArc",0
Like can we not have purple out day. Change Monday to career day and Thursday can be character day like come on. ğŸ¤¦ğŸ»â€â™€ï¸ğŸ¤¦ğŸ»â€â™€ï¸ğŸ¤¦ğŸ»â€â™€ï¸,0
"Can you recommend anyone for this #job? Assemblers/Finishers for Medical Manufacturing- Memphis, TN -â€¦ https://t.co/YJBROpXKPM",0
"See our latest #ElReno, OK #job and click to apply: Operator (El Reno/Lindsay/Velma 1611 - https://t.co/HFoSoxAm5yâ€¦ https://t.co/ivSHeEG1iy",0
"If you're looking for work in #Sulphur, LA, check out this #job: https://t.co/x2j3wKkJMQ #QA #Hiring #CareerArc",0
"See our latest #Syracuse, NY #job and click to apply: Recruiting Admin - https://t.co/dqSlWMSsu7 #Recruiting #Hiring #CareerArc",0
"This #job might be a great fit for you: Research Microbiologist-Dallas, TX - https://t.co/A9o5I8QZAC #KellyJobsâ€¦ https://t.co/W6nsKZD4pm",0
"If you're looking for work in #Austin, TX, check out this #job: https://t.co/ROriNxXpIE #Art #Hiring #CareerArc",0
"If you're looking for work in #OklahomaCity, OK, check out this #job: https://t.co/Erl4qh2QYS #Warehouse #Hiring #CareerArc",0
"Can you recommend anyone for this #job in #Eagan, MN? https://t.co/uLIFpVpwMk #Sales #Hiring #CareerArc",0
Market day,0
"Join the CoreCivic team! See our latest #job opening here: https://t.co/sWc4Q7CBkU #corrections #Holdenville, OK #Hiring #CareerArc",0
We're #hiring! Read about our latest #job opening here: Emergency Medicine Physician - Locum Tenens -â€¦ https://t.co/gfhimo3vUS,0
"Join the Guitar Center team! See our latest #job opening here: https://t.co/q0pttSnQTm #CustomerService #Shreveport, LA #Hiring #CareerArc",0
"If you're looking for work in #Wichita, KS, check out this #job: https://t.co/fx3hzN2pko #CustomerService #Hiring #CareerArc",0
"This #job might be a great fit for you: NDT Technician, Level II - https://t.co/1PT1etgcEQ #SkilledTrade #Mustang, OK #Hiring #CareerArc",0
We're #hiring! Read about our latest #job opening here: Correctional Officer - https://t.co/30uCgO35Ej #correctionsâ€¦ https://t.co/Bv6V83hN57,0
"@DeniseMiller @BET Yes, you have missed something.",0
"See our latest #Nashville, TN #job and click to apply: Account Manager, Inside Sales, Nashville, TN - MBDR -â€¦ https://t.co/mcazO35V82",0
That feeling when youâ€™re the youngest person in the waiting room by a couple of decades #YAspoonieproblems,0
"Join the Booz Allen team! See our latest #job opening here: https://t.co/cxIKb8hDbO #BoozAllen #IT #SanAntonio, TXâ€¦ https://t.co/ywVqQH5E6E",0
@matthewprensky I did a similar poll less than a month ago: https://t.co/6hiY2iseW2,0
"If you're looking for work in #BrokenArrow, OK, check out this #job: #hiring #career https://t.co/GZK5OlfmPb #CareerArc",0
"See our latest #Tulsa, OK #job and click to apply: Monitor II, Community Corrections - https://t.co/Avn0LTwcxBâ€¦ https://t.co/bGhfZLpMwR",0
Come join our fun and talented #retail professionals! We are always looking for top tier talent to join our team! Râ€¦ https://t.co/b4Hcbw936m,0
"We're #hiring! Click to apply: IT Specialist (Customer Support) - https://t.co/LvVUxpo5a0 #IT #FortMeade, SD #Veterans #Job #Jobs #CareerArc",0
"Once again, kudos to the marketing team for #Deadpool. ğŸ˜† ",0
#deadpool2 #RyanReynolds #Canadian #CelineDion https://t.co/QQzMTNZ2zC,0
Appointment days are my fav ğŸ’™,0
"We're #hiring! Click to apply: Shuttle Driver - https://t.co/9y26V2IDtm #cintasjobs #Labor #WebbCity, MO #Job #Jobs #CareerArc",0
"Interested in a #job in #Tupelo, MS? This could be a great fit: https://t.co/Bm8SIhA5Ge #manager #Hiring #CareerArc",0
"i miss u big auggie , see u so soon my man ğŸ¤—ğŸ¤—ğŸ¤—ğŸ¤— https://t.co/m8zAjFeJ16",0
@michaeldeltoro_ happy birthday brodie ğŸ‰ğŸ‰,0
NEW SERIES ALERTğŸš¨. â€œFrom The Tomb to the Upper Room.â€ Come journey withâ€¦ https://t.co/2vT3rk9WAQ,0
"Since it appears Rudy G. Will be ousted, do we now count: one Giuliani, two Giuliani or is it still one scaramucci, two scaramucci?",0
Iâ€™m so thankful to have a friend as caring and thoughtful as you â˜¹ï¸â£ï¸ https://t.co/tlAsG1xQef,0
This is why I love my church! Going to miss Skybreak so much :-(,0
ALWAYS surround yourself with people who will encoâ€¦ https://t.co/eXnposzRCs,0
@ekiloui Itâ€™s true but letâ€™s pray it will be fulfilled,0
"Today is the definition of ibeprofen, ibeplayin @Madisonshay5",0
"Of course not! Why would they? Oh wait, heâ€™s making money off of him. https://t.co/qvGnwEOUnF",0
This version of @trivianyc #playerart started with the question â€œIs Thereâ€¦ https://t.co/MLafTJaqjW,0
@JessHa6s Just no caps sweater,0
Todayâ€”May 3! Join in the festivities with FULL DISCLOSURE at the Brooklynâ€¦ https://t.co/W5QZ7N27eO,0
When someone adds me on Snapchat by username and I donâ€™t know who they are ğŸ¤” https://t.co/zejgYj5C7r,0
@RuzgofDi I gots to know David!,0
"75 from croydon to lewisham, i could get through a movie in that journey time https://t.co/YIzcBjIhV9",0
What a swamp. https://t.co/uuyzoH0dvY,0
New Coach Alert ğŸš¨ ,0
~~~,0
Alicia just joined my team yesterday and I couldnâ€™t beâ€¦ https://t.co/qv2C7CAaKV,1
Todayâ€™s Lunch Features https://t.co/TSibf1QTiD,0
Thread https://t.co/4rxBDSDhm9,0
Toronto housing sales slump in weakest start since 2009 recession https://t.co/vbNMvhA717 via @nationalpost,0
An undisclosed portion of the proceeds will be donated to an unspecified group at a date yet to be determined,1
never studied for chem and i have a final todayğŸ¤·ğŸ½â€â™€ï¸ğŸ˜‚,0
Bed bath and beyond https://t.co/4E90JxOhs6,0
@_ZAWADI_ Come to France https://t.co/x16Eycwqo0,0
@TomiLahren This is perfect! Lunacy vs lunacy. Who will win? Lol https://t.co/lmPG3qcDZu,0
@philbaroni with @AndreaKGBLee Phil is Main Event! Im Co-Main! https://t.co/AZgiRc51Rt,0
@CapehartJ But he did use â€œrollâ€ rather than â€œroleâ€...classic Trump.,0
#chatter Funny. Real. And you don't connect those very often.,0
57 dayssss to my birthday,0
"Duphots, Happy Throwback Thursday. Ps. Thatâ€™s me in the middle of all of thisâ€¦ https://t.co/6BNY1Q8TQx",0
Todays line up!  ,0
vs @EnumclawHS https://t.co/Ivtdgr7TCd,0
@enediinortega why isnâ€™t your pig this fun to watch ğŸ¤¦ğŸ»â€â™€ï¸ğŸ˜‚ https://t.co/xtW784pfOJ,0
@Allen_Schneider @uren_marc @gsmooth89 The fogs getting thicker.....,00
And Leons getting larrrrrrger. https://t.co/MOFwNS2QMB,0
@Burtzor Bruce is best https://t.co/MStpoNy2uW,0
These two are ready for the show! @4LiveInTheD @Local4News @LarryBurns @chuckgaidica https://t.co/BGwlR9Z7Il,0
@jlhorn33 I went to the one in waterfront last night.,0
I have WWE2K2015 Limited Edition Hulkamania Box Set for My Sony Playstation 4 #ps4 #Playstation #greatnessawaits (@â€¦ https://t.co/doQMsHdcQ7,0
@wcarter1020 I am tired ğŸ˜­ğŸ˜­ğŸ˜­ğŸ˜‚ğŸ˜‚ğŸ˜‚,0
"If you're looking for work in #Memphis, TN, check out this #job: https://t.co/z1fbui6Okl #Manufacturing #Hiring #CareerArc",0
we can ride the wave but expect the crash,0
We are very proud to finally announce the full @cocoon_official line up!ğŸ’¥Among others,0
âœ”ï¸@svenvaeth ,0
âœ”@IbizaRicardoâ€¦ https://t.co/QdgNzjcexg,0
Ready â˜º https://t.co/cpttTRL2AG,0
if the weather tomorrow is as shitty as it is rn..... iâ€™m gon cry #happyprom,0
"Momma, i got some dollas for your bills. Glad Iâ€™m able to help â¤ï¸",0
Athens: another protest of several refugee families shows an inadequate reception system. https://t.co/md4NOcWD9F vâ€¦ https://t.co/L2DfmtFgwH,0
@ashoswai @madhukishwar Truth hurts a harem slave LOL,1
"At BASF youâ€™ll find a host of exciting #career opportunities within the areas of research and development, technoloâ€¦ https://t.co/laFHDwGOqR",0
This #job might be a great fit for you: Performance Supervisor - LIT - https://t.co/Bkzl9lwAkw #Aviationâ€¦ https://t.co/nKifYu0Yxg,0
@recipe4travel @CultureTrip @sankaracs @Indian_yatri @lonelyplanet_in @mittal_suruchi @feetonthemapâ€¦ https://t.co/7WnFroXx1W,0
Sitting at the vets parking lot... itâ€™s surgery day for my little Bentley ğŸ¶ğŸ™ğŸ¼,0
@PSpectiveShift Seems like youâ€™re trying to summon Curvy,0
"I'm at Museo Rafael Coronel in Zacatecas, ZAC https://t.co/YyzUnWOLLc",0
Me and my SPIN BRUSH! New Video on YouTube about my SKINCARE ROUTINE! (Linkâ€¦ https://t.co/NL4CjSX1mj,0
@ashley_valcin @sigmaramsey @_Sweetxox Best meal of the day â˜ºï¸â˜ºï¸,0
Itâ€™s crazy to think this time next year Iâ€™ll be graduating,0
@vweric23 @adidas Shoes bring people together in such a healthy way! I love it,0
I am setting the tone for my office this morning! After feeling a littleâ€¦ https://t.co/8CFywbSnNJ,0
@herb_beauty plastic straws are pretty pointless once you have them ğŸ˜‚ I wanna get some bamboo utensils,0
Iâ€™ve been off of work for a month and Iâ€™ve got my first color today after being off for so long and Iâ€™ve never beenâ€¦ https://t.co/nmrRV5fNS1,0
@OfficialPacManJ yoooo dm me,0
Public records request reveals out-of-state consultant being paid $120k/yr by @seminolecounty to work 6 days a montâ€¦ https://t.co/d8hZdqzlfm,0
Getting all set for #GoodDayTulsa on @KTULNews! Whoâ€™s tuning in?! ğŸ¸ğŸ¥ #soundcheck https://t.co/FqyiXvHqsP,0
@mikefreemanNFL No way I can watch Black Mirror. Was excruciating getting through that first episode. Was off-puttiâ€¦ https://t.co/43iulSIAH6,0
@msdwallace @StormDanser @PeterAlexander @adamisalamb @michelleisawolf Awww she blocked me!,0
@RicThaMenace they fckn genies or sumn,0
@aj_crisp21 Marked as â€œrare antiqueâ€,0
everything is about balance u gotta make ur man feel appreciated and valued while also reminding him he a loser whoâ€¦ https://t.co/DXD7UGGCVE,0
@kcalero1207 If this is 201 I got a 89.97 and they wouldnâ€™t round up,0
"Bring the drugs baby, I could bring my pain. I got my heart right here. I got my scars right here.",0
WEHOANS.  FYI.  We must prepare.   The Sunset Strip is built on an active fault.  How do you think those Hollywod Hâ€¦ https://t.co/Lr0JAFZEXw,0
@BluEyezMess But Iâ€™m sold on Harvey closing,0
"#35mm en Barcelona, Spain https://t.co/NCiu1OvSlM",0
"@PreppyProf If you start tossing Trump gifs at me, itâ€™s going to be a long day. https://t.co/bAsLV7E24I",0
I LOVE MY NEW/OLD Machine!! Singer Rocketeer!! She sews Soooo Beautifully!!â€¦ https://t.co/C3EGjFVi0g,1
@ThatDudeSno_op STG I DIDNT,0
Who said men couldnâ€™t multi-task!? At the airport and the guy on the ğŸš½ is taking a conference call whilst ğŸ’© - someâ€¦ https://t.co/4bXxn3q0wF,0
Yoongiâ€™s selca these days .... ğŸ‘€ğŸ‘€ğŸ‘€ğŸ‘€ğŸ‘€ğŸ‘€ğŸ‘€ğŸ‘€ğŸ‘€ deadly ah @BTS_twt https://t.co/pjdcymUh7o,0
@Dannyy_me Thank you babe ğŸ˜©ğŸ˜©â¤ï¸,0
"https://t.co/8WrdWHLlnj he impacted so many lives, especially young men. R.I.P. Coach Red. â¤ï¸",0
You are invited to train w/ Nevada Celtic coaches/trainers. NCFA is hosting FREE clinics designed for the recreatioâ€¦ https://t.co/5wwsHsRE29,0
"Our tarp days are just getting started @katdonn! Also, Iâ€™m pretty sure itâ€™s all we used for a tent in the Tetons baâ€¦ https://t.co/WYdVj027qt",0
This is some Magneto shit #howdidthishappen https://t.co/n4qzuuGEDv,0
Gotta love this #wpa #fieldhouse #log #porch in #Enumclaw #historicâ€¦ https://t.co/fGkvtauXVY,0
ğŸ—Hot off the press!! Enjoy this months newsletter for May!! ğŸ—â€¦ https://t.co/GuoMlrEjEl,0
If I see one more fuckin watermelon on my timelineğŸ¤¦ğŸ¾â€â™€ï¸,0
"@KARENHUGER @Andy @Bravotv Karen, you do not look ONE day over 55!!! Have the bestest of birthdays!!! https://t.co/9NdkJrf9pg",0
Aw after work I'm gunna go see the progress on my house ğŸ˜ŒğŸ’•,0
@TomiLahren Shame on you for blocking @RealCandaceO ...stop the in-fighting! This is disgraceful.,0
EVERYTHING TRUMP HAS TOLD US ABOUT ANYTHING HAS BEEN A LIE. https://t.co/9gygtQ1ZcH,0
@jkempcpa @704heather @ShaunaJ1776 @KevinDBishop Horses! I ride and am a bit jealous!,0
@DavidAFrench Dear @DavidAFrench,0
I want to make one thing very clear and please let it sink in...,0
â€œLet him who is wâ€¦ https://t.co/cxw5gLx0Iw,0
My nigga Quad is really mad dirty. This shit needs to be shut down effective immediately,0
I studied too much today... my head is going to explode. https://t.co/dZVAATLxDh,1
@keithhernandez Whew for a half second though you were talking about Hadji,0
I was never too weak. Or too strong. I was a victim of the ambitions of arrogant young men &amp; jealous women. And othâ€¦ https://t.co/iTj8Tvq6n4,0
@MikeMasco @FOX29philly Naw not yet,0
@tarak9999â¤ Anna New stillsğŸ‘ŒğŸ‘Œ https://t.co/5xalVN8uxP,1
@oprah @jimcarrey @rwitherspoon James Eugene Redmond Carrey wants 4 DEBBY JANET PEARLMAN 2 kill herself.  Jim Carreâ€¦ https://t.co/cQQIjogYbQ,0
Think one of my swerves tried to start fwm lastnight ğŸ˜­ now that I think about it,0
Braves are in first place after crushing the Mets https://t.co/fANhJi52BI via @wsbtv,0
Hope that's not base on peace in his marriage cuz Giuliani just nuked it last night! https://t.co/nQQavXJbGf,1
"In India, there's a crucial need to redefine what we call 'journalism'. There's a dire need to become the eyes andâ€¦ https://t.co/hRbCvOBCLQ",0
The ğŸ! There has never been anyone to do it better! https://t.co/WjC9GJ5qOP,0
@danaamx Story of your life eh ya bet el gazma rodi 3al whatsapp ya bet,0
Are you cumâ€™n (wrong coming) but it works too... lol see you Friday atâ€¦ https://t.co/UQrbfhnY0r,0
@cooperrjessica the story of my life by Kell,0
@realDonaldTrump I can tell your lawyer wrote this rather than you but it looks like you are opening yourself up toâ€¦ https://t.co/zjRbFBzmSS,0
"Weâ€™ve been on a pretty good roll... I havenâ€™t changed the channel at 9:00 off of Today in a while, however, today I CANNOT!",0
"Remember, #Thanos has the gauntlet and can change his mind. #ThanosDemandsYourSilence https://t.co/VyoUokrgqg",1
My heart/body ache for you when you arenâ€™t around. ,0
When youâ€™re around my heart/body ache more.,0
"@TariqCherif Stuck in the matrix, giving energy to shit that donâ€™t concern then",0
I need a Shofar before this year ends.. ğŸ™ğŸ½,0
"@pjgurry @ayjay Excellent. The Presence of the Word has a much richer theological dimension, but Orality &amp; Literacyâ€¦ https://t.co/fmxGmwlMtT",0
if the capitals win tonight i will 100% shit pant,0
@lirr_grievances Suck a fart,0
Iâ€™m always late ctfu,0
Iâ€™d be fascinated to see numbers on minorities who graduate with journalism/communication degrees â€” I wonder how diverse the job pool is.,0
"Goofy girl @ Brighton, Colorado https://t.co/NGH4zkGHrA",0
I want to go to sleep forever,0
Lace Up 4 Pediatric Cancer. Help the Mavericks reach their goal and make a donation! ğŸ’›ğŸ’›ğŸ’›ğŸ’›ğŸ’›ğŸ’›https://t.co/hqVsPZ3fpI,0
@anamrata_ wassupppp,0
@asimilacija @Emmyllija These r no powers,0
Calling the Trump Crime Family a Mob Family is an insult to Mobsters,1
Google. https://t.co/N6yMK1JZbO,0
Therin is reading to VP Good this morning! #FalconsRead #AwesomeWorkTherin @renfrewspeced @RCDSB https://t.co/ZS5usG4LrK,0
In need of a little inspiration this morning ğŸŒŸ Andy Warhol reproduction Polaroid prints from @Kidrobot /â€¦ https://t.co/8DepvHIxaE,0
Cleared: Incident on #I495 WB at Exit 17E - I-278,0
MSM : Crickets! https://t.co/G4cE0vyVeI,0
Thanks @Williamson_SR! Such a great group and amazing institution @HenryFordNews @OSUWexMed https://t.co/UF2NWYN7cd,0
Last weeks episode of Riverdale is stressing me TF OUT,0
grateful for another day,0
The brand is strong ğŸ˜‚ https://t.co/75mmKSfRRl,0
Cleared: Incident on #I495 EB from 80th Street; I-495 to Exit 22A - Grand Central Parkwy,0
@rodeodance @SenatorBaldwin @CathyMyersWI @IronStache #IronStache is completely in agreement!,0
@_Makada_ Amen!,0
They means everyone,1
"Miracle Ikechukwu Igbokwe, may the name 'Miracle' always work for you ğŸ’ğŸ’•ğŸ’•ğŸ™",0
#10Years I had my very first pro wrestling match 10 years ago today. What a wild and interesting ride it's been.â€¦ https://t.co/eu6k6mcldf,0
@UKAdrianReed thanks for the presentation this morning!! ğŸ˜€,0
annoyed,0
Is lightning in a bottle the move?,0
Constantly cold asf,0
The final session with Mavis VSO Resource Mobilization Advisor walking the Regional ZNCWC delegates on board trainiâ€¦ https://t.co/yCVRdmHkGK,0
Historically English names reflect the trade of ancestors,00
please explain this one https://t.co/bqmm2IXfmM,0
"See our latest #Lafayette, LA #job and click to apply: OB/GYN - Locums - Lafayette, Louisiana -â€¦ https://t.co/qul6KscpbU",0
@D_clare47 @TobyHanson24 Key word Healthy for sure. Love the guy too I hope he goes off,0
You know how in middle school/high school the #1 way to flirt was to steal someoneâ€™s hat and be like â€œhehehe bet yoâ€¦ https://t.co/rd3PUgjhfy,0
@LisbethMA @PaulBegala @realDonaldTrump Which if true are not illegal!  He just ended Korean War.  Stormy on the itâ€¦ https://t.co/7BDehzlYV8,0
@BoomdrawOfFizix okay ğŸ˜©,0
Irrelevant crap - right in Amy's wheelhouse... https://t.co/36miZcsaQh,0
Great outing  @NoahRasnick and Eastside team. Glad we have been able to watch @NoahRasnick write his story throughâ€¦ https://t.co/o4KYGSVpRG,0
@SecretWitVikki_ What North Niggas You Be Looking AtğŸ¤”ğŸ˜‚ Bc North Has The Best Niggas PERIODğŸ¤·ğŸ½â€â™€ï¸,0
Plot twist: I went to college with @amythrockmorton's husband and had my first college party experience at his aparâ€¦ https://t.co/isPzlNTdHX,0
i hate when bitches always tryna make themselves relevant in somethinf theyâ€™re not.,0
Spent part of yesterday afternoon/evening taking some pictures of our SOC I/II tennis athletes as they battled in sâ€¦ https://t.co/DACAoMSw1y,0
@SpeakerRyan Thanks to Donald J Trump!,0
This fucking idiot was my deputy commanding general at 4th ID when I was a battalion commander - it always struck mâ€¦ https://t.co/30pzdVr9F3,0
@ozzy2times Hit up Juice and spark us up for the referral ğŸ˜ˆ,0
We can only hope the end is near https://t.co/FDWhzhve5f,1
"Not like we ever cared about adidas, but now they, too, are cancelled. https://t.co/RemnI3fHHa",0
Cool donâ€™t resist grabbing a few #sunset shots! @ Pompano Beach Municipalâ€¦ https://t.co/D4Rsdf5cUM,0
Imagine needing 3-5 yrs of experience for an ENTRY level job,0
"Can you recommend anyone for this #job? Package Handler - Part-Time - https://t.co/htuBdGiHkK #Labor #CedarCity, UT #Hiring #CareerArc",0
iâ€™m so proud of @t_tierra_ sheâ€™s doing so good for herself and i couldnâ€™t be happier for her. i love you t,0
"Join the U.S. Bank team! See our latest #job opening here: https://t.co/Q9J6Do34lQ #Finance #Boise, ID #Hiring #CareerArc",0
"Can you recommend anyone for this #job? Specialty Beauty Advisor - https://t.co/5kffPBmZZt #Cosmetology #Columbia, SC #Hiring #CareerArc",0
"Original Pine-Sol is the best flavor, donâ€™t @ me",0
"If you're looking for work in #Parker, CO, check out this #job: https://t.co/nFa2XtZnsD #Healthcare #Hiring #CareerArc",0
@ThePuntersPal1 Bashing time later again ğŸ‡ºğŸ‡¸ğŸ‡ºğŸ‡¸ğŸ‡ºğŸ‡¸ğŸ”ğŸ”ğŸ”ğŸ’¥ğŸ’¥ğŸ’¥,0
"STFU! Reciting the Bible doesn't make you a better politician. In fact, now a days, makes you look silly when all tâ€¦ https://t.co/zwjOfx7Thn",0
"If you're looking for work in #SiouxFalls, SD, check out this #job: https://t.co/9Aj1OiX1rN #InvestmentBanking #Hiring #CareerArc",0
@JustBlogBaby LET'S GO!!!!!!!!!!!! â˜ ï¸â˜ ï¸â˜ ï¸â˜ ï¸,0
This dude had a mega hive developing on his back yesterday. Like Iâ€™ve never seen an allergic reaction so bad to somâ€¦ https://t.co/126FOMPeZo,0
"If you're looking for work in #Minneapolis, MN, check out this #job: https://t.co/BEeU87ZdoN #Media #Hiring #CareerArc",0
Todayâ€™s Schedule:,0
4:00 VSB vs Emmaus ,0
4:00 JVSB @ Emmaus,0
5:00 JVBLAX @ Emmaus ,0
5:30 VGLAX vs PV,0
6:30 VBLAX @ Emmausâ€¦ https://t.co/KLo6n11fwL,0
@chelseaaaa_rose I dead cannot get my nails done at the mall anymore I cried last time.  Twice.,0
Itâ€™s official -- weâ€™re a 2018 winner of the Best of @HomeAdvisor Award! Weâ€™re so proud to be recognized as a top prâ€¦ https://t.co/p0LhbSETJk,0
POTUS!! Please listen to your counsel &amp; donâ€™t talk to these creeps. https://t.co/yumMsNAb7i,0
"Can you recommend anyone for this #job in #Hobbs, NM? https://t.co/afzaW9w0kr #Banking #Hiring #CareerArc",0
New episode up and running.... https://t.co/GLPBpmRDYg,0
"Join the Accountemps team! See our latest #job opening here: https://t.co/CC8JxNv65S #internship #Davenport, IA #Hiring #CareerArc",0
No games scheduled today due to school event.,0
@JakeakaJackie I have received many excellent responses to my query. All of them very unsettling.,0
@bthomas215 @aakashshingada @edgarvlermamd Long-term follow-up of these patients will reveal whether there is a patâ€¦ https://t.co/Rl9Aix6nE3,0
Donâ€™t make promises you canâ€™t keep!,0
Excited to be joining @BuzzFeedNews @AM2DM this morning to talk about our movement #ForOurFuture. Join us:â€¦ https://t.co/EVW8jbmiho,0
Happy birthday @0xnicky ğŸ‘ğŸ¼ğŸ’•,0
@Finck_aboutit Dude it takes forever ğŸ˜‚,0
"I got my car in January with 11k miles, itâ€™s now may and I have 16 almost 17k lmao, this how you know ion stay my ass home",0
@LadynikiW Girl... Iâ€™m so done by this pointğŸ¤¦ğŸ½â€â™€ï¸ğŸ˜†,0
"Work hard, stay positive, and get up early. Itâ€™s the best part of the day. @â€¦ https://t.co/p4GVIJtJhb",0
Need to do more of these!! https://t.co/6vlhKXY702,0
This is what our office looks like at #HoustonHobbyAirport:) https://t.co/PW14OfJFFp,0
"@realDonaldTrump So you knew about this and lied about it, like most of us knew you did. Cool.",0
@ShreyaComa PLEASE KEEP SMILING SHONA. MY WORLD ONLY SHINE WHEN YOU SMILE ğŸ’–,0
Who told @RanchviewHS to bring tardy sweeps back ğŸ¤¦ğŸ¾â€â™‚ï¸,0
temperature up 45Â°F -&gt; 54Â°F,0
humidity down 89% -&gt; 71%,0
wind 2mph -&gt; 4mph,0
This is self-explanatory! You already know how itâ€™s going down. ,1
Celebrate @alexxanderfit birthday tonight! ğŸ‰ğŸ¾ğŸ¥‚ğŸ”¥,00
Hâ€¦ https://t.co/DZINzyQwiu,0
@MaryTfan ok love,0
@lightsonlara babyy,0
@jeremy124 Thatâ€™s the only way Juuzou will let me hold him haha,0
@theechriswhite Thank you chris ğŸ™ğŸ½ğŸ™ğŸ½,0
"I get I am J. Cole biased, but this KOD album is super nice",0
@NormEisen @JRubinBlogger @CREWcrew I truly wonder: is trump above the law as long as congressional Republicans refâ€¦ https://t.co/Dq4FxdYI4W,0
"@Franklin_Graham @POTUS @VP Sure I will pray always with you...but the problem is that do not gave,a heart...what else can we do...?",0
@rkwbyrd @Soultana67 Sounds like a terrific recipe for disaster Rhonda.,0
I went back and forth w these pics so many times https://t.co/fKrWNZtnGZ,0
IF YOU DONT DELETE THIS ğŸ’©ğŸ˜‚ğŸ˜‚ğŸ˜‚thanks brosâ¤ï¸â¤ï¸ https://t.co/sal9wRIMj2,0
@LeahNTorres The enemies of womenâ€™s independence will never give up until RvW is overturned. This will go on foreveâ€¦ https://t.co/EwgDeJzhJ2,0
"Did this lady deserve to be called an asshole for parking like that? Sure, thatâ€™s highly inconsiderate, but the N wâ€¦ https://t.co/JTBTD8t6ze",0
@amocc_ Iâ€™m laughing so hard.,0
"@TheRickHoweShow You're right, the public does rely on professional journalists. Talking to these alt Left hacks shâ€¦ https://t.co/poinnlQg0U",0
1. San Diego,0
2. Chicago ,0
3. Random place wherever I find a good job in sports so I can stop working 4 part-time jobâ€¦ https://t.co/ugVbrnQhz3,0
I got one two three four five six seven eight ones in my bank account in my bank account,0
"ğŸ¦‹ The day has finally come, my Jason WITTEN realjasonwitten82, my favoriteâ€¦ https://t.co/C6wyCrzWAy",0
Every time we kiss itâ€™s swisher sweet,0
@henrystewartdam @DalimSoftware  #DAM in 2018 - The Great Migration by @TheresaRegli https://t.co/WbKcDBctgv,0
@OOrsak I like the optimism. Could check the runs during commercial breaks...,1
"2016 Lamborghini Huracan LP610-4 Spyder w/3300 miles â€¢ asking $269,000.00 â€¢ #LamborghiniforSale in #Charlotte â€¢ minâ€¦ https://t.co/hrYDSeJSvT",0
Need these in my life https://t.co/3zBZTpqx78,0
We have a game to win tonight.,0
Got ready in 10 minutes this morning because they called me in early. Iâ€™m sure as shit ready for a nap.,0
I could look at these old IBM posters all day,0
https://t.co/S1EDe7e9jx,0
"Interested in a #job in #RedWing, MN? This could be a great fit: https://t.co/vPA0E1k8rf #EmergencyMedicine #Hiring #CareerArc",0
100% can relate totally https://t.co/E3Kooe4l21,0
At this rate Iâ€™m gonna dress like a baby at 30.,0
FINAL Class 4A Jeffco League girls soccer âš½ï¸ standings ,0
Valor &amp; Standley Lake earn automatic playoff bids. ,0
Postseaâ€¦ https://t.co/lQ2AaJjaVO,0
"A tour of @TrueNorth Gallery then a hop, skip &amp; jump to @CreativWorks studio for fun, paint &amp; friends @hamiltonclubâ€¦ https://t.co/2yogNfDZHC",0
@ElaineAtwell @aeressler So fortunate that I got to meet you both that weekend. So very bummed for the fact that itâ€¦ https://t.co/TEj9FF7m6I,0
THANKS OMAR!!!!!ğŸ˜¬ğŸ˜¬ğŸ˜¬ https://t.co/XocgjbOoVT,0
Moving https://t.co/brDmP3YwQD,0
Donâ€™t disturb me in the morningğŸ™„,0
Apparently there is a time frame that you can be out of your dogs sight before he comes looking for you.... Spoilerâ€¦ https://t.co/dVeqUhGKtK,0
"I get it, self love and all, but what if Iâ€™m tryna give some of this love to someone else.",0
A rainy day plus a co-workers country music..ğŸ˜´,0
"Did you know â€˜mano e manoâ€™ means â€˜hand to handâ€™, not â€˜man to manâ€™? So you can fight mano-e-mano, but you canâ€™t talk mano-e-mano.",1
#google@8am,0
Iâ€™m back to my bad ass self again,0
@DenellDotson I'll go out shooting for my bruv. ğŸ™ğŸ»âœ¨,0
@timthetatman is live to take my mind away from these heckin tornados mannn.,1
thank you ash !!!! ğŸŠ https://t.co/Hw7VdD3Cao,0
Opening night is today. So excited to be performing. Come support. #CalStateLA #Dance https://t.co/3Pj0nHEJxW,0
@davidfaber @carlquintanilla Carl &amp; David Do you see 400K orders to fill on any of the $TSLA competitiors right now. :),0
Life's road may lead you to foreign lands or to a new view. Whatever theâ€¦ https://t.co/QFHAq1LyIi,0
bit the hairstyle is so cuteeeeeee https://t.co/yIRtJwy9NW,0
@SoulSistaNokc Return the ACH!,0
Yâ€™all copping the new Adidas X Yeezy: Slave Choice 11s? https://t.co/OYeWPTmdJk,1
"It doesnt matter how big you suceed in life, its how humble you are in person that matters. @lynieg88 @jophie30â€¦ https://t.co/T8n6OGYI7w",1
Omg yâ€™all too much https://t.co/eYjOwbxOsH,0
this elbow tatt is whatâ€™s gone do it ğŸ˜¬,0
"@DaniNierenberg of @foodtank speaking on panel at @animalag Summit, â€œPostmodern Animal Ag Begins Nowâ€ alsoâ€¦ https://t.co/zMIaI7a1A2",0
@SCsamoan @Get_Up @MichelleDBeadle @NFL @Redskins relax all teams should not get in trouble for the redskins behavior.,0
@Education4Libs 1 If you open a door for them 2 ask them out on a date teach your men to be masculine 3 growing upâ€¦ https://t.co/ZQohj25zg2,0
@learnwithlawley Never keep looking up,0
@educationweek No more important job- meanwhile he supports their garbage pay,0
I am so tired,0
The full article was A+! Defintely a must. https://t.co/oNFXERMzNc,0
Congrats and S/O to my team!  Finished spring semester strong in the classroom.  Several players posted their BESTâ€¦ https://t.co/ZhaOk5zRTg,0
@dilandi96048945 Good night frd,0
i deadass slept through 20 alarms this morning without even flinching,0
why am i like this lmfao,0
Fruit and veggies at Windermere school. https://t.co/Tc1Xy83ofM,0
All of my relationships are conditional (with the exception of mine with God.) Thatâ€™s how I protect myself from pooâ€¦ https://t.co/R7HOHtWoMr,0
Vin has the jokes! @Adam_Jacobi @adamamin https://t.co/6mhIHFOqSj,0
@MadisonSiriusXM Heâ€™s probably a RepubliKlan fucking racist,0
I would like to thank Purdue OWL for getting me through all the papers I had to write these last four years. Youâ€™re the real MVP ğŸ‘ğŸ¼,0
